Temperatura ,Humedad,Radiacion,Precipitacion,V_Viento
-0.489083583,0.577936208,-0.245324229,-0.272476339,0.063244037
0.32740306,-0.682001892,1.26826495,-0.365691929,-0.115947401
2.073552711,-2.036714098,2.884649838,-0.164919889,1.254340061
0.198058641,-0.338213472,-0.139502775,-0.164919889,0.115947401
-0.4324954,0.732176418,-0.245324229,-0.250965049,0.390004893
-0.925620996,0.265739157,0.644085584,-0.344180639,1.675966972
0.529503714,-0.862258523,2.216119418,-0.279646769,1.633804281
0.084882275,-0.412546104,-0.195080935,-0.286817199,-0.147569419
-0.569923845,0.215564631,-0.245244604,-0.337010209,-0.021081346
-0.383991243,-0.301047157,0.911943651,-0.150579029,0.969741896
0.877116839,-0.877125049,1.284349174,-0.02151129,0.864335168
-0.238478772,0.466437261,-0.206387666,0.143408599,0.801091131
-0.715436316,0.535194945,-0.245244604,-0.179260749,0.263516819
-0.22231072,0.47572884,0.356480549,0.03585215,0.990823241
0.626512028,-0.27317242,1.66137294,0.293987629,1.180555351
-0.343571112,0.419979367,-0.190781192,0.02868172,1.21217737
-1.046881388,0.650410524,-0.245164979,-0.150579029,0.790550458
-0.804360603,0.46272063,0.409510713,-0.329839779,0.664062385
0.683100211,-0.485020419,2.374174788,-0.222283329,1.170014678
-0.319319034,-0.065041052,-0.172547096,-0.250965049,0.411086238
-0.650764106,0.196981473,-0.245324229,-0.387203219,-0.168650764
-0.214226693,-0.206273052,0.449004649,-0.365691929,-0.158110092
1.499586854,-1.421611574,2.817526071,-0.172090319,1.51785688
-0.133386432,-0.078049263,-0.192851438,-0.351351069,0.853794495
-1.160057755,-0.328921894,-0.245324229,-0.401544079,1.170014678
-0.804360603,-0.254589262,0.437299793,-0.437396228,1.032985932
1.556175037,-1.683634099,3.155931774,-0.401544079,1.032985932
-0.012126039,0.338213472,-0.197469681,-0.401544079,-0.073784709
-0.383991243,0.496170314,-0.245324229,-0.430225798,-0.274057492
0.278898903,-0.364229893,0.725382578,0.717042997,-0.221354128
1.855284005,-1.622309678,3.132681312,1.785437063,0.959201223
0.165722536,-0.014866526,-0.162593987,0.580804828,-0.674603058
-0.230394746,0.66527705,-0.245164979,-0.09321559,0.621899694
-0.26273085,0.769342734,0.46994599,0.08604516,2.181919265
0.545671766,0.408829472,2.098115359,0.752895147,2.08705321
-0.26273085,0.756334524,-0.204635919,-0.05019301,1.359746789
-0.408243321,0.769342734,-0.245244604,-0.143408599,0.411086238
-0.133386432,0.672710313,0.567486458,-0.301158059,0.463789602
0.691184237,0.130082105,1.749438048,-0.258135479,1.254340061
-0.351655138,0.769342734,-0.201132425,-0.344180639,1.7813737
-0.723520342,0.769342734,-0.245164979,-0.337010209,0.537574312
-0.383991243,0.769342734,0.159886742,0.01434086,1.254340061
0.497167609,0.217422947,1.094921605,0.09321559,1.032985932
0.012126039,0.423695998,-0.200734301,-0.322669349,0.126488073
-0.489083583,0.148665263,-0.245324229,-0.401544079,-0.063244037
0.076798249,-0.052032842,0.767902259,-0.394373649,0.769469113
1.224729964,-0.760051155,2.15632114,0,1.992187155
-0.084882275,-0.301047157,-0.138388026,0.337010209,0.200272783
-0.278898903,0.761909471,-0.245324229,-0.00717043,-0.073784709
0.05254617,0.405112841,0.618207501,0.752895147,0.021081346
1.410662566,-0.947741049,2.485569983,0.810258587,1.7813737
-0.472915531,-0.663418734,-0.161956988,0,-0.980282568
-0.957957101,0.22485621,-0.245324229,-0.430225798,-0.200272783
0.15763851,-0.611385892,1.549977745,-0.215112899,0.179191437
2.809199092,-3.25205262,3.543864147,1.240484385,0.337301529
0.206142667,0.384671367,-0.146589388,1.369552125,0.632440367
-1.046881388,0.059466105,-0.245324229,0.286817199,-0.853794495
-0.359739164,0.217422947,0.596549536,-0.408714508,0.052703364
2.469669993,-2.45855178,2.723966847,-0.236624189,1.02244526
0.101050327,-0.713593261,-0.072777132,-0.143408599,0
-0.763940473,0.479445472,-0.245324229,-0.143408599,-0.463789602
0.198058641,-0.031591368,0.702769114,0.523441388,-0.052703364
2.776862988,-2.711282727,2.766884653,2.387753181,0.537574312
0.311235007,-0.143090315,-0.19778818,0.473248378,-1.581100917
-0.392075269,0.42741263,-0.245324229,-0.10755645,-1.749751681
0.400159295,-0.312197051,1.137520912,-0.279646769,-1.275421406
1.766359717,-1.770974941,1.936158371,2.63871823,-1.254340061
-0.448663452,0.219281262,-0.232982373,4.481518733,-2.308407339
-1.071133467,0.408829472,-0.245324229,1.498619864,-1.907861773
-0.303150981,0.514753472,0.411899459,0.344180639,-0.632440367
0.650764106,-0.553778103,1.029310711,0.767236007,-0.579737003
-0.375907217,-0.007433263,-0.1853667,0.968008046,-2.329488684
-0.763940473,0.587227787,-0.245324229,0.501930098,-2.329488684
0.206142667,-0.046457895,1.051127926,-0.11472688,-1.697048317
1.33790633,-0.778634313,1.121197813,1.426915565,-0.895957186
0.101050327,0.436704209,-0.234495246,1.828459643,-1.21217737
-0.472915531,0.642977261,-0.245324229,1.914504803,-0.579737003
0.149554484,0.039024631,1.059408913,1.197461806,0.052703364
1.321738278,-0.810225681,1.671087174,1.591835454,1.064607951
0.092966301,0.165390105,-0.185764825,0.860451597,-0.548114985
-0.400159295,0.516611788,-0.245324229,0.200772039,-0.390004893
0.020210065,0.358654946,0.411103211,0.02151129,-0.959201223
1.265150095,-0.832525471,1.446226538,1.771096203,1.096229969
0.117218379,-0.555636419,-0.162753237,2.251515012,-0.210813456
-0.634596054,0.62996905,-0.245324229,4.495859593,-0.548114985
-0.893284891,0.198839789,0.714553595,0.709872567,1.117311315
0.74777242,-0.944024418,1.420666954,-0.11472688,0.727306422
0.141470458,-0.297330525,-0.153277877,-0.222283329,-0.042162691
-1.046881388,0.23786442,-0.245324229,-0.358521499,-1.633804281
-0.343571112,0.466437261,0.284658915,-0.09321559,-2.192459938
0.561839818,-0.330780209,1.153366261,2.086595122,-1.538938226
0.165722536,0.416262735,-0.146907888,2.079424692,-1.307043425
-0.569923845,0.624394103,-0.245324229,-0.12906774,-1.549478899
0.230394746,0.057607789,1.054312921,-0.415884938,-1.127851987
2.105888816,-1.858315783,2.725559345,0.229453759,-0.242435474
-0.214226693,-0.213706315,-0.216659275,0.616656978,-1.433531498
-0.739688394,0.622535787,-0.245244604,-0.150579029,-1.264880734
-0.101050327,0.538911577,0.624577491,-0.222283329,-0.231894801
1.588511141,-1.337987364,1.845386017,0.236624189,0.737847095
-0.286982929,-0.11893221,-0.042997431,0.06453387,-0.411086238
-0.893284891,0.314055367,-0.245324229,-0.351351069,-0.463789602
-0.173806563,-0.042741263,0.725701077,-0.329839779,-0.316220183
2.493922072,-2.163079571,3.376890792,0.932155897,1.117311315
-0.238478772,-0.247155999,-0.160205241,0.838940307,-0.105406728
-0.85286476,0.262022525,-0.245324229,-0.164919889,-1.159474006
0.553755792,-0.494311998,1.192382448,-0.10038602,-0.885416513
2.162476999,-1.659475994,1.902078926,2.344730601,-0.474330275
0.133386432,0.485020419,-0.230195503,2.81080855,-1.486234862
-0.408243321,0.739609681,-0.245324229,0.200772039,-0.527033639
0.464831504,-0.737751366,0.962983194,-0.05736344,-0.505952293
1.620847246,-1.300821048,1.375440027,0.537782248,1.043526605
-0.15763851,0.26016421,-0.116411562,0.623827408,0.147569419
-0.683100211,0.696868418,-0.245005729,0.236624189,-0.368923547
0.246562798,-0.419979367,0.617889001,0.394373649,-0.274057492
0.561839818,0.206273052,0.869981344,1.333699975,1.180555351
-0.020210065,0.399537893,-0.192771813,0.580804828,0.316220183
-0.214226693,0.455287367,-0.245324229,0.315498919,-0.168650764
0.060630196,0.325205262,0.599734531,0.02151129,0.474330275
1.192393859,-0.349363367,1.597115669,1.032541916,0.748387767
0.133386432,0.395821262,-0.140219398,0.745724717,0.495411621
-0.270814877,0.633685682,-0.245244604,0.03585215,-0.326760856
-0.214226693,0.585369472,0.695682501,0.04302258,1.928943119
1.006461258,-0.468295577,1.505945191,0.552123108,1.475694189
-0.092966301,0.432987577,-0.201849049,0.11472688,0.400545566
-0.408243321,0.730318103,-0.245324229,0.12906774,-0.063244037
0.109134353,0.445995788,0.718932963,0.08604516,1.264880734
1.143889702,-0.516611788,2.21205855,1.498619864,2.445436085
-0.335487086,-0.059466105,-0.002707246,0.293987629,1.496775535
-0.618428002,0.624394103,-0.245324229,0.781576867,0.221354128
-0.238478772,0.512895156,0.374077645,0.322669349,0.432167584
0.650764106,-0.27317242,2.493134346,0.910644607,2.097593883
-0.343571112,-0.195123157,-0.013058479,0.702702137,0.695684403
-0.53758774,0.611385892,-0.245164979,0.394373649,0.105406728
-0.26273085,0.734034734,0.220640518,0.172090319,0.063244037
1.499586854,-0.743326313,2.882659216,0.200772039,0.695684403
0.109134353,0.459003998,-0.158771993,-0.02151129,-0.231894801
-0.723520342,0.68757684,-0.245244604,-0.05019301,-0.210813456
-0.020210065,0.451570735,0.496142573,0.265305909,-0.295138838
1.370242435,-0.317771999,2.211182676,0.0717043,2.055431192
0.060630196,0.436704209,-0.152083504,0.02151129,0.052703364
-0.383991243,0.754476208,-0.245244604,-0.08604516,0.885416513
0.012126039,0.301047157,0.675696658,-0.215112899,0.495411621
1.758275691,-1.133572627,3.069857288,0.179260749,1.760292354
-0.561839818,-0.031591368,-0.052950539,0.415884938,0.316220183
-0.683100211,0.163531789,-0.245324229,-0.136238169,-0.716765749
0.246562798,-0.891991576,1.442802668,0.265305909,-1.444072171
2.243317261,-2.116621676,2.31716338,2.67457038,0.727306422
0.295066955,-0.828808839,-0.171511973,3.563703697,-2.16083792
-0.246562798,0.152381894,-0.245324229,0.523441388,-2.203000611
0.012126039,0.388387999,0.244448355,-0.172090319,-2.076512538
2.130140894,-2.254137044,2.180208601,1.498619864,-1.32812477
0.569923845,-0.721026524,-0.140617523,2.394923611,-2.044890519
-0.109134353,0.564927998,-0.245324229,1.814118783,-2.234622629
0.149554484,0.243439368,0.642015337,0.630997838,-1.70758899
1.50767088,-1.124281049,1.283393676,2.394923611,-1.570560244
0.53758774,0.479445472,-0.170636099,5.980138598,-2.097593883
-0.303150981,0.732176418,-0.245324229,1.943186523,-2.297866666
0.198058641,-0.32148863,0.768459633,0,-2.076512538
2.283737392,-1.852740835,1.703574122,2.136788132,-0.895957186
0.594175923,0.009291579,-0.206069167,1.520131154,-1.675966972
-0.26273085,-0.128223789,-0.245324229,0.552123108,-2.35057003
0.359739164,-0.782350944,1.442086044,-0.04302258,-1.412450152
2.987047668,-2.588633885,3.410333238,-0.06453387,0.463789602
0.561839818,-0.282463999,-0.163310611,-0.01434086,-0.400545566
-0.254646824,0.49802863,-0.245324229,-0.200772039,-0.579737003
0.230394746,-0.070616,0.29373615,-0.387203219,-0.347842202
1.709771534,-1.339845679,2.37274154,-0.265305909,1.191096024
0.335487086,0.020441474,-0.125886922,-0.229453759,0.45324893
0.004042013,0.332638525,-0.245324229,-0.229453759,0.442708257
0.408243321,-0.30848042,0.409829213,-0.243794619,-0.200272783
1.968460371,-0.999773891,2.693072397,0,0.927579205
0.472915531,0.464578946,-0.139900899,0.286817199,0.980282568
-0.15763851,0.726601471,-0.245324229,-0.08604516,-0.200272783
0.270814877,0.276889052,0.2785278,1.993379533,-0.421626911
2.122056868,-1.404886732,3.048756698,0.996689766,1.928943119
0.561839818,0.104065684,-0.145952389,0.164919889,0.737847095
0.05254617,0.741467997,-0.245005729,1.685051044,0.94866055
0.246562798,0.358654946,0.546226617,1.591835454,1.349206116
2.235233235,-1.893623783,2.81211158,0.960837616,1.243799388
0.109134353,-0.109640631,-0.153516752,1.398233845,1.011904587
-0.238478772,0.130082105,-0.245324229,-0.143408599,-0.358382874
0.068714222,-0.079907579,0.468433118,-0.215112899,0.368923547
1.135805676,-0.485020419,1.73215945,0.186431179,1.170014678
-0.456747478,0.053891158,-0.160603365,0.401544079,-1.21217737
-0.4324954,0.68757684,-0.245324229,-0.380032789,-0.674603058
-0.26273085,0.432987577,1.131787921,-0.430225798,0.158110092
2.534342203,-2.544034306,3.914438298,-0.444566658,1.349206116
0.278898903,-1.640892836,-0.029859327,-0.444566658,-0.337301529
-0.723520342,0.100349052,-0.245324229,-0.444566658,-0.56919633
0.26273085,-0.460862314,0.805007449,-0.444566658,-0.316220183
2.542426229,-3.541949882,3.144465793,-0.387203219,0.780009786
0.32740306,-2.906405884,-0.053109789,-0.358521499,-0.305679511
-1.540006984,-0.551919787,-0.245324229,-0.408714508,-1.865699082
0.4324954,-1.157730733,1.820861557,-0.04302258,-1.127851987
3.884374572,-3.443459145,3.711394877,0.530611818,-0.231894801
1.135805676,-0.340071788,-0.2164204,0.207942469,-2.002727828
0.335487086,0.293613894,-0.245244604,0.523441388,-1.97110581
1.095385545,-0.966324207,1.639953849,0.10038602,-1.570560244
3.649937814,-3.601415987,2.415977845,0.286817199,-0.421626911
1.087301519,-0.895708207,-0.17915596,0.838940307,-1.507316207
-0.739688394,-1.380728627,-0.245324229,-0.164919889,-1.865699082
0.214226693,-2.891539358,1.63374311,-0.394373649,-1.528397553
3.908626651,-5.989351768,3.662425581,-0.272476339,0.274057492
-0.012126039,-3.017904831,-0.067760765,-0.394373649,-1.307043425
-2.283737392,-2.296878307,-0.245324229,-0.444566658,-2.013268501
0.020210065,-3.606990934,1.723639589,-0.250965049,-1.981646482
3.771198206,-4.937545035,3.693479281,0.337010209,-0.221354128
0.497167609,-0.120790526,-0.153676002,0.444566658,-0.45324893
-0.311235007,0.713593261,-0.245324229,-0.344180639,-0.558655657
0.004042013,-0.241581052,1.464381008,-0.337010209,-0.18973211
3.140644165,-3.084804199,4.149570543,-0.11472688,0.495411621
-0.173806563,-0.388387999,-0.199619552,-0.164919889,-1.233258715
-1.168141781,0.600235998,-0.245324229,-0.380032789,-1.264880734
0.319319034,-0.618819156,1.622675252,-0.293987629,-0.75892844
2.784947014,-2.984455147,3.589091074,2.158299422,0.411086238
-0.060630196,-0.553778103,-0.192851438,1.606176314,-0.895957186
-0.901368917,0.54634484,-0.245324229,-0.229453759,-1.054067278
-0.278898903,-0.369804841,1.259506214,1.484279004,-0.263516819
2.987047668,-2.952863779,3.811403715,2.968558009,0
0.319319034,-0.267597473,-0.214190904,0.881962887,0.600818348
-0.650764106,0.486878735,-0.245324229,-0.11472688,-1.032985932
-0.238478772,-0.341930104,0.3864195,-0.286817199,-0.716765749
2.47775402,-2.272720202,2.58637507,0.10755645,0.073784709
0.165722536,-0.040882947,-0.176926464,0.745724717,-0.073784709
-0.416327347,0.74890126,-0.245244604,0.451737088,-0.811631804
0.028294092,-0.026016421,0.65284432,-0.293987629,-0.938119877
2.574762334,-2.579342306,2.727948091,-0.229453759,1.380828134
-0.117218379,-0.178398315,-0.135441906,-0.03585215,0.179191437
-0.626512028,0.602094314,-0.245244604,-0.03585215,-0.242435474
0.254646824,-0.072474316,0.752853158,-0.05019301,0.073784709
2.6879387,-2.713141043,3.594983315,0.573634398,1.538938226
0.189974615,-0.520328419,-0.068716264,0.724213427,1.054067278
-0.545671766,0.382813051,-0.245324229,0.437396228,-0.115947401
-0.036378118,0.319630315,0.32821372,0.12189731,-0.558655657
1.564259063,-1.313829258,2.725957469,0.372862359,1.444072171
0.254646824,-0.80650905,-0.175652466,0.580804828,-0.084325382
-0.335487086,0.418121051,-0.245324229,-0.265305909,-0.031622018
0.278898903,-0.32148863,0.545987743,-0.272476339,-0.411086238
2.728358831,-2.687124622,3.061576302,0.315498919,1.412450152
0.618428002,-0.544486524,-0.123498175,0.215112899,-1.233258715
-1.208561912,0.496170314,-0.245324229,-0.250965049,-1.549478899
-0.270814877,-0.315913683,1.278456934,0.03585215,-1.222718042
2.720274805,-2.646241675,2.107351844,3.133477898,-1.096229969
0.141470458,-0.061324421,-0.191179316,5.49971979,-1.391368807
-1.418746592,0.247155999,-0.245324229,1.928845663,-1.834077064
-0.367823191,-0.08362421,1.107343085,-0.229453759,-1.275421406
2.41308181,-1.817432835,2.055436428,0.566463968,-1.043526605
0.303150981,0.366088209,-0.13631778,1.555983304,-1.127851987
-0.869032813,0.033449684,-0.245324229,0.903474177,-1.907861773
0.173806563,0.354938314,0.491922455,-0.265305909,-1.307043425
2.089720764,-1.430903153,2.715765486,0.07887473,0.980282568
0.400159295,-0.163531789,-0.138467651,-0.272476339,0.158110092
-0.246562798,0.163531789,-0.245324229,-0.401544079,-0.400545566
0.101050327,0.020441474,0.587153801,-0.229453759,-0.221354128
1.669351403,-1.3658621,1.831053541,0.480418808,0.358382874
0.198058641,-0.875266734,-0.152242754,0.401544079,-0.126488073
-1.095385545,0.295472209,-0.245324229,-0.02151129,-0.611359021
0.189974615,-0.680143576,0.441679161,-0.157749459,-1.043526605
1.046881388,-0.148665263,0.90668841,0.573634398,0.126488073
0.125302406,0.53333663,-0.178200462,0.996689766,-0.411086238
0.020210065,0.769342734,-0.245164979,1.297847825,-0.105406728
0.141470458,0.769342734,0.118402184,3.750134876,0.442708257
0.626512028,0.412546104,0.891480059,0.580804828,1.70758899
-0.109134353,0.559353051,-0.198902929,0.308328489,0.64298104
-0.246562798,0.683860208,-0.245324229,-0.136238169,0.052703364
-0.060630196,0.739609681,0.124055549,-0.12189731,-0.147569419
0.860948787,0.206273052,1.485083475,-0.07887473,1.981646482
-0.05254617,0.315913683,-0.075723253,-0.322669349,0.505952293
-0.068714222,0.544486524,-0.245324229,0,0.168650764
0.173806563,0.765626102,0.265867445,-0.157749459,0.874875841
1.014545284,0.271314104,0.954542957,-0.11472688,0.590277676
0.303150981,0.574219577,-0.106060329,-0.09321559,0.221354128
0.22231072,0.111498947,-0.245324229,0.172090319,-0.411086238
0.32740306,0.769342734,0.257427209,0.193601609,1.148933333
1.23281399,0.442279156,1.621958629,0.01434086,1.454612844
0.149554484,0.689435155,-0.196912307,0.164919889,1.159474006
-0.246562798,0.769342734,-0.245085354,1.477108575,0.252976147
0.521419688,-0.423695998,0.453304392,0.889133317,-0.495411621
1.248982042,0.148665263,1.686136275,0.846110737,1.907861773
0.149554484,0.641118945,-0.181226207,0.301158059,1.085689296
-0.804360603,0.245297683,-0.245324229,0.12906774,-0.252976147
0.319319034,-0.544486524,0.860824484,0.580804828,-0.516492966
1.540006984,-0.23786442,2.071441027,0.530611818,1.602182262
0.230394746,0.301047157,-0.17963371,-0.02868172,0.432167584
-0.05254617,0.603952629,-0.245324229,-0.236624189,-1.454612844
0.392075269,0.550061472,0.617968626,-0.09321559,-0.042162691
1.863368031,-0.923582944,2.00774113,0.186431179,0.980282568
-0.036378118,0.08362421,-0.137591778,0.301158059,-0.274057492
-0.286982929,0.574219577,-0.245324229,-0.179260749,-1.180555351
0.22231072,0.642977261,0.617650127,0.279646769,-1.054067278
1.88762011,-0.670851998,1.758515283,3.606726277,0.822172477
0.804360603,0.169106736,-0.106538078,3.126307468,0.347842202
0.149554484,0.758192839,-0.245244604,0.623827408,-0.158110092
0.4324954,0.410687788,0.472493986,1.025371486,-0.263516819
1.240898016,-0.007433263,1.513270679,0.960837616,1.085689296
0.319319034,0.406971156,-0.202087923,0.250965049,0.126488073
-0.254646824,0.358654946,-0.245324229,0.243794619,0.031622018
0.408243321,0.001858316,0.680872275,-0.03585215,0.421626911
2.025048554,-1.263654732,1.450048531,0.724213427,-0.18973211
0.472915531,0.159815157,-0.160205241,0.996689766,-0.073784709
-0.109134353,0.453429051,-0.245324229,0.666849988,-2.08705321
0.489083583,-0.014866526,0.472493986,1.132927936,-2.213541284
1.475334775,-0.793500839,1.080350254,3.599555847,-0.959201223
0.772024499,0.204414736,-0.155666623,1.484279004,-2.065971865
-0.060630196,0.622535787,-0.245324229,0.236624189,-2.129215901
0.076798249,0.334496841,0.182977954,0.365691929,-1.992187155
0.149554484,0.555636419,0.856365491,2.057913402,-0.706225076
0.15763851,0.353079999,-0.137830652,1.799777923,-2.224081956
-0.278898903,0.689435155,-0.245324229,0.688361277,-2.318948011
0.311235007,0.031591368,0.775546247,0.559293538,-1.802455045
1.305570226,-0.615102524,0.93415899,2.287367162,-0.621899694
0.246562798,-0.031591368,-0.196673432,3.685601006,-1.665426299
-0.133386432,0.587227787,-0.245324229,3.076114459,-1.686507645
-0.480999557,0.622535787,0.067521891,0.473248378,-1.760292354
0.165722536,0.341930104,0.824435918,0.501930098,-1.159474006
-0.060630196,0.418121051,-0.204237795,0.322669349,-1.886780427
-0.869032813,0.39210463,-0.245324229,0.05736344,-2.097593883
0.076798249,-0.496170314,0.965690439,-0.236624189,-2.245163302
1.855284005,-1.653901047,1.585490438,0.595145688,-1.096229969
0.173806563,-0.143090315,-0.166575231,3.226693488,-1.412450152
-0.610343975,0.384671367,-0.245324229,1.419745135,-2.287325993
-0.22231072,0.211847999,0.259099331,0.215112899,-1.8973211
0.796276577,-0.466437261,0.990294524,0.10755645,-1.538938226
0.141470458,0.081765894,-0.185446325,0.717042997,-1.59164159
-1.200477886,0.419979367,-0.245324229,-0.157749459,-1.918402446
0.028294092,-0.918007997,1.729850329,-0.401544079,-1.581100917
1.628931272,-1.572135152,1.678333037,-0.10038602,-1.117311315
0.125302406,0.096632421,-0.209174537,-0.10038602,-1.338665443
-0.521419688,0.739609681,-0.245324229,-0.301158059,-1.612722935
0.101050327,-0.325205262,0.915287896,-0.322669349,-2.013268501
2.30798947,-1.917781888,1.59631942,1.011030626,-1.486234862
0.497167609,0.174681684,-0.224144013,2.222833292,-1.054067278
-0.036378118,0.73589305,-0.245324229,1.362381695,-1.233258715
0.448663452,0.183973262,0.819817675,0.451737088,-0.716765749
1.418746592,-1.124281049,1.569087714,2.316048881,-1.275421406
-0.133386432,0.470153893,-0.220720143,5.592935379,-1.960565137
-0.699268263,0.642977261,-0.245324229,1.362381695,-1.222718042
0.109134353,-0.018583158,0.506732681,-0.250965049,-0.685143731
1.661267377,-1.577710099,1.103759966,1.283506965,-0.421626911
0.246562798,0.319630315,-0.222870015,1.957527383,-1.855158409
-0.278898903,0.728459787,-0.245244604,0.272476339,-1.359746789
0.004042013,0.196981473,0.839086894,-0.372862359,-0.168650764
1.847199979,-1.488510942,2.540590769,-0.02868172,0.822172477
0.181890589,-0.470153893,-0.153676002,-0.00717043,0.295138838
-0.165722536,0.473870525,-0.245324229,-0.10755645,-0.168650764
-0.020210065,0.156098526,0.600928904,0.12906774,-1.13839266
2.073552711,-1.795133046,1.786702487,1.749584914,-0.390004893
0.675016185,0,-0.188073946,2.846660699,-0.042162691
-0.351655138,0.479445472,-0.245324229,2.7032521,-0.801091131
-0.53758774,0.332638525,0.417313951,1.197461806,-0.18973211
0.957957101,-0.832525471,1.433486558,1.979038673,0.263516819
-0.715436316,0.150523578,-0.202724922,0.659679558,-1.560019571
-0.941789048,0.20255642,-0.245324229,0.193601609,-2.002727828
0.440579426,-0.265739157,0.536193883,-0.308328489,-1.728670336
1.588511141,-0.808367365,1.340962458,0.10755645,-0.853794495
0.529503714,-0.165390105,-0.11473944,0.10038602,-2.076512538
-0.068714222,0.275030736,-0.245324229,-0.179260749,-2.044890519
0.4324954,-0.091057473,1.009165619,0.501930098,-0.75892844
2.09780479,-1.453202942,2.545209011,1.118587076,1.096229969
-0.278898903,-0.195123157,-0.11131557,0.501930098,-0.221354128
-0.424411374,0.217422947,-0.245324229,-0.00717043,-0.632440367
-0.181890589,0.276889052,0.336972455,-0.12906774,-0.590277676
1.305570226,-0.572361261,2.061726793,1.333699975,0.811631804
0.125302406,-0.115215579,-0.15805537,0.537782248,-0.042162691
-0.206142667,0.734034734,-0.245244604,1.240484385,0.031622018
0.117218379,0.603952629,0.576245194,1.276336535,0.874875841
0.788192551,0,1.124701307,1.226143525,1.264880734
-0.408243321,0.445995788,-0.20415817,1.778266633,-0.115947401
-0.658848132,0.323346946,-0.245244604,-0.03585215,-0.822172477
0.335487086,-0.211847999,0.704759736,-0.258135479,-0.674603058
1.952292319,-0.997915575,2.769432649,0.308328489,1.148933333
-0.214226693,-0.529619998,-0.156860996,0.408714508,-0.695684403
-1.345990356,0.009291579,-0.245324229,0.02151129,-0.706225076
0.165722536,-0.310338736,0.620118498,-0.401544079,-0.843253822
1.709771534,-1.302679364,1.836229157,0.544952678,0.621899694
-0.246562798,-0.297330525,-0.180429958,1.670710184,-1.623263608
-0.658848132,0.726601471,-0.245324229,0.838940307,-1.528397553
-0.036378118,-0.263880841,0.61573913,0.724213427,-2.266244648
1.847199979,-1.369578732,1.479828233,2.273026302,-0.084325382
-0.020210065,-0.397679577,-0.21984427,1.857141363,0.337301529
-0.464831504,0.393962946,-0.245324229,0.207942469,-0.421626911
-0.125302406,0.35679663,0.199221428,-0.04302258,0.400545566
1.23281399,-0.618819156,1.299955649,1.140098366,1.043526605
-0.084882275,0.312197051,-0.185207451,1.885823083,0.548114985
-0.359739164,0.522186735,-0.245244604,2.480968771,1.001363914
-0.101050327,0.760051155,0.327098971,1.892993513,0.505952293
0.901368917,-0.245297683,1.736459194,0.179260749,1.233258715
-0.480999557,0.364229893,-0.166256731,-0.150579029,-0.073784709
-0.569923845,0.754476208,-0.245244604,-0.293987629,-0.737847095
0.165722536,0.057607789,0.632301103,-0.308328489,0.158110092
1.976544397,-1.806282941,1.848252513,-0.05736344,0.811631804
0.26273085,0.518470103,-0.186481449,-0.286817199,0.368923547
-0.497167609,0.529619998,-0.245244604,-0.286817199,0.115947401
-0.004042013,0.262022525,0.472175487,-0.372862359,0.200272783
1.766359717,-1.761683362,2.194461453,-0.401544079,1.317584097
-0.125302406,-0.418121051,-0.184570452,-0.401544079,0.158110092
-0.699268263,0.486878735,-0.245324229,-0.408714508,-0.45324893
-0.343571112,-0.341930104,0.776660995,-0.351351069,-0.137028746
1.863368031,-1.553551994,2.210306803,-0.06453387,1.096229969
0.206142667,0.334496841,-0.197628931,0.0717043,1.222718042
-0.456747478,0.345646736,-0.245244604,-0.01434086,-0.063244037
-0.084882275,0.191406526,0.484198842,0.00717043,0.105406728
1.394494513,-1.049948417,1.710660735,-0.229453759,1.254340061
-0.036378118,-0.044599579,-0.193568062,-0.315498919,0
-0.53758774,0.752617892,-0.245324229,-0.258135479,-0.37946422
-0.149554484,0.745184629,0.463018627,1.771096203,0.316220183
1.305570226,-0.635543998,2.514314561,3.018751019,2.150297247
-0.076798249,-0.249014315,-0.183694578,1.462767715,-0.295138838
-0.4324954,0.622535787,-0.245324229,1.541642444,-0.621899694
0.230394746,0.258305894,1.006856498,3.785987026,0.463789602
2.170561025,-2.001406098,3.002335398,4.753995072,1.40190948
-0.117218379,-0.795359155,-0.152959378,2.990069299,-0.052703364
-0.763940473,-0.018583158,-0.245324229,0.394373649,-1.391368807
-0.125302406,0.327063578,0.581181936,0.279646769,0.073784709
1.345990356,-1.206046943,2.061010169,1.283506965,0.400545566
-0.351655138,0.302905473,-0.202326798,0.423055368,-1.117311315
-1.297486199,0.42741263,-0.245324229,0.186431179,-1.32812477
-0.149554484,-0.505461893,0.79800046,0.05736344,-0.769469113
2.437333889,-2.45855178,2.173997861,0.06453387,0.621899694
0.230394746,-0.32148863,-0.158453494,0.06453387,-0.653521712
-0.618428002,0.609527577,-0.245324229,-0.193601609,-1.127851987
-0.408243321,0.334496841,0.286649537,0.10038602,-1.359746789
1.44299867,-1.001632207,1.783517492,2.76061554,-1.296502752
0.198058641,0.432987577,-0.22916038,3.477658537,-1.075148623
-0.383991243,0.678285261,-0.245085354,1.606176314,-1.180555351
0.22231072,-0.447854104,1.641068598,-0.222283329,-1.654885626
1.087301519,-0.832525471,0.858037613,-0.05736344,-0.885416513
-0.400159295,0.068757684,-0.220799768,0.516270958,-2.108134556
-1.257066069,0.654127155,-0.245324229,0.04302258,-1.844617736
-0.125302406,-0.152381894,1.323524611,-0.430225798,-0.75892844
1.014545284,-0.514753472,0.693612254,-0.401544079,-1.275421406
-0.763940473,0.538911577,-0.199221428,-0.329839779,-1.823536391
-0.650764106,0.076190947,-0.245324229,-0.344180639,-1.70758899
0.254646824,-0.947741049,1.384756137,-0.0717043,-1.633804281
2.016964528,-1.382586942,1.873334347,0.258135479,0.727306422
0.012126039,-0.027874737,-0.233300873,0.867622027,-0.611359021
-1.418746592,0.317771999,-0.245324229,0.695531707,-1.222718042
0.497167609,-0.825092208,1.19437307,0.293987629,-0.895957186
2.485838046,-2.43253536,2.292400045,1.011030626,0.084325382
0.32740306,0.18954821,-0.18273908,0.537782248,-1.475694189
-0.270814877,0.596519366,-0.245324229,-0.150579029,-1.370287461
0.295066955,-0.377238104,1.029151462,0.10038602,-0.748387767
0.949873074,-0.258305894,1.832964538,2.79646769,0.18973211
-0.141470458,0.488737051,-0.217535148,1.498619864,0.442708257
-0.448663452,0.479445472,-0.245324229,0.04302258,0.874875841
-0.117218379,0.421837683,0.475121607,0.329839779,0.37946422
1.02262931,-0.459003998,1.627134245,1.663539754,0.927579205
-0.004042013,0.315913683,-0.152163129,1.871482223,0.674603058
-0.416327347,0.769342734,-0.245005729,0.150579029,0.021081346
0.044462144,0.719168208,0.986870655,1.168780086,1.349206116
1.693603482,-0.787925892,2.633353744,3.699941866,0.874875841
-0.456747478,0.494311998,-0.210846659,1.075564496,-0.094866055
-0.561839818,-0.014866526,-0.245324229,0.186431179,-0.94866055
0.230394746,-0.213706315,0.782234736,-0.04302258,-0.073784709
0.755856446,-0.183973262,0.703724613,0.566463968,0.906497859
-0.05254617,-0.525903366,-0.214190904,0.408714508,-0.474330275
-0.448663452,0.198839789,-0.245324229,-0.09321559,-1.043526605
0.699268263,-0.360513262,1.723082215,5.29177732,0.400545566
1.394494513,-0.821375576,1.796177847,3.922225195,0.822172477
-0.020210065,0.161673473,-0.190383067,2.954217149,-0.252976147
-0.464831504,0.767484418,-0.245164979,1.025371486,0.495411621
0.020210065,0.644835577,0.807077696,0.537782248,1.486234862
0.901368917,0.447854104,1.825240925,0.630997838,1.454612844
-0.181890589,0.429270946,-0.218092523,0.466077948,0.126488073
-0.254646824,0.288038946,-0.245164979,3.370102087,-0.621899694
0.788192551,-0.934732839,0.599973405,1.061223636,-0.895957186
1.952292319,-1.410461679,2.159346885,1.104246216,0.664062385
-0.084882275,-0.046457895,-0.200415801,0.803088157,-0.442708257
-0.351655138,0.113357263,-0.245324229,0.12189731,-1.475694189
0.278898903,0.262022525,0.686446016,1.892993513,0.45324893
0.715436316,-0.592802735,1.024373969,3.922225195,0.853794495
-0.456747478,0.486878735,-0.221596017,1.412574705,-0.242435474
-0.400159295,0.444137472,-0.245324229,1.254825245,-1.011904587
0.117218379,0.695010103,0.751419911,0.674020417,0.917038532
1.289402173,-0.310338736,2.357135065,0.358521499,1.675966972
-0.165722536,-0.241581052,-0.181942831,0.05019301,0.516492966
-0.723520342,0.561211366,-0.245324229,0.193601609,-0.864335168
-0.044462144,0.438562525,0.504821684,0.652509128,0.168650764
1.321738278,-0.524045051,1.844191644,1.742414484,0.769469113
-0.092966301,0.449712419,-0.1703176,1.555983304,0.210813456
-0.731604368,0.583511156,-0.245324229,0.01434086,-1.201636697
0.246562798,-0.399537893,1.250349354,1.340870405,-0.632440367
1.556175037,-1.148439154,1.77237001,2.222833292,1.855158409
-1.103469572,-0.079907579,-0.21657965,0.329839779,-0.052703364
-1.871452057,0.076190947,-0.245324229,-0.236624189,-1.391368807
0.440579426,-1.358428837,1.794824224,-0.365691929,-0.516492966
3.027467799,-3.056929462,3.427293336,0.530611818,1.549478899
0.028294092,-1.042515154,-0.173821094,2.065083832,-1.117311315
-0.440579426,0.126365473,-0.245324229,0.265305909,-1.201636697
0.715436316,-0.196981473,1.397416491,0.760065577,-1.21217737
3.132560139,-2.999321673,2.824453435,3.355761228,-0.042162691
0.311235007,0.341930104,-0.2010528,2.344730601,-0.822172477
-0.780108525,0.117073894,-0.245324229,0,-2.287325993
0.149554484,0.11893221,0.958683451,-0.286817199,-0.801091131
1.871452057,-1.408603363,1.531186275,1.950356953,-0.56919633
0.513335661,0.241581052,-0.17636909,3.829009606,-0.83271315
-0.181890589,0.769342734,-0.245324229,1.104246216,-0.959201223
0.05254617,0.590944419,0.476952979,-0.344180639,-0.305679511
1.200477886,-0.369804841,1.799362842,-0.258135479,1.106770642
-0.666932159,0.193264841,-0.178041212,-0.150579029,-0.042162691
-0.666932159,0.529619998,-0.245324229,-0.186431179,-0.084325382
-0.109134353,0.204414736,0.329089593,-0.143408599,-0.295138838
0.675016185,-0.412546104,1.383322889,0.946496756,1.51785688
-0.780108525,-0.128223789,-0.204715544,-0.250965049,0.274057492
-0.860948787,0.01300821,-0.245324229,-0.272476339,-0.463789602
0.060630196,-0.39210463,0.500760816,-0.408714508,0.084325382
1.677435429,-1.529393889,1.979076176,-0.380032789,0.990823241
-0.254646824,-0.146806947,-0.202963797,-0.380032789,0.45324893
-0.246562798,0.033449684,-0.245324229,-0.380032789,0.400545566
0.068714222,0.055749473,0.343342445,-0.437396228,0.031622018
1.523838932,-1.146580838,2.279102691,-0.423055368,1.496775535
0.05254617,-0.289897262,-0.189666443,-0.408714508,0.411086238
-0.618428002,0.267597473,-0.245324229,-0.444566658,0.073784709
0.133386432,-0.758192839,0.678085404,-0.365691929,0.284598165
1.645099325,-1.432761468,1.515340926,0.602316118,1.581100917
0.181890589,-0.033449684,-0.204715544,0.293987629,0.685143731
-0.173806563,0.568644629,-0.245244604,0.136238169,-0.042162691
0.32740306,-0.20255642,0.435309171,0.10755645,-0.737847095
1.693603482,-0.851108628,2.515986684,0.867622027,1.812995718
0.101050327,0.336355157,-0.202724922,0.975178476,1.222718042
-0.246562798,0.661560419,-0.245244604,3.355761228,1.51785688
-0.101050327,0.598377682,0.415880703,1.434085995,2.392732721
0.311235007,0.600235998,1.15679013,1.871482223,3.151661161
-0.254646824,0.66527705,-0.214509403,0.731383857,0.390004893
-0.22231072,0.059466105,-0.245164979,0.380032789,-1.085689296
0.012126039,0.737751366,0.361098791,0.430225798,1.433531498
0.246562798,0.750759576,0.994753517,1.140098366,2.234622629
-0.117218379,0.525903366,-0.228364131,0.580804828,0.358382874
-0.084882275,0.613244208,-0.245244604,0.996689766,0.864335168
0.198058641,0.47572884,0.794019217,0.279646769,1.602182262
1.119637624,0.033449684,2.059417672,3.111966608,2.677330886
-0.101050327,0.741467997,-0.22573651,0.645338698,1.011904587
-0.26273085,0.455287367,-0.245324229,0.552123108,-0.105406728
0.359739164,0.299188841,0.412456833,0.372862359,0.252976147
0.755856446,0.358654946,0.779925614,1.462767715,1.317584097
-0.165722536,0.26016421,-0.207024665,1.534472014,0
-0.246562798,0.174681684,-0.245324229,0.394373649,-0.400545566
0.044462144,-0.115215579,0.18242058,-0.380032789,-0.063244037
1.168141781,-0.713593261,1.621242005,-0.365691929,0.664062385
-0.189974615,-0.096632421,-0.200813925,-0.380032789,-0.337301529
-0.206142667,0.22485621,-0.245324229,-0.408714508,-0.105406728
0.214226693,0.085482526,0.533327388,-0.236624189,0.105406728
1.919956214,-1.293387785,2.803671344,1.061223636,1.422990825
0.15763851,0.314055367,-0.214031654,2.143958562,0.411086238
-0.181890589,0.576077893,-0.245244604,2.265855872,0
0.319319034,-0.44042084,0.620198123,3.793157456,-0.347842202
1.33790633,-0.503603577,1.300751898,0.846110737,0.18973211
0.012126039,0.689435155,-0.208696788,-0.207942469,-0.052703364
-0.181890589,0.767484418,-0.245244604,0.00717043,-1.117311315
0.74777242,-0.040882947,0.930655496,-0.04302258,-0.463789602
1.321738278,-0.689435155,0.966645938,-0.12189731,0.527033639
-0.084882275,0.663418734,-0.222153391,-0.394373649,-0.031622018
-0.181890589,0.286180631,-0.245244604,-0.387203219,-0.706225076
0.553755792,-0.834383786,0.574334197,-0.380032789,-0.37946422
1.33790633,-0.763767787,1.173909478,-0.329839779,1.064607951
-0.658848132,-0.135657052,-0.194762435,-0.286817199,0.105406728
-0.343571112,-0.156098526,-0.245324229,-0.380032789,-0.83271315
0.780108525,-0.921724628,1.105989462,-0.258135479,-0.516492966
2.081636737,-1.826724414,1.829142544,0.215112899,0.527033639
0.092966301,0.30848042,-0.228284506,1.283506965,0.158110092
-0.303150981,0.128223789,-0.245324229,1.197461806,-0.474330275
0.529503714,-0.340071788,0.959718574,0.286817199,-0.052703364
1.50767088,-0.769342734,1.832088664,0.494759668,0.653521712
-0.060630196,0.678285261,-0.217137024,-0.258135479,-1.285962079
-0.594175923,0.626252419,-0.245324229,-0.408714508,-1.644344954
0.521419688,-0.724743155,1.471308372,-0.408714508,-0.516492966
2.396913758,-1.800707993,2.476333498,-0.150579029,1.064607951
-0.343571112,0.226714525,-0.220003519,0.186431179,0.042162691
-0.278898903,0.399537893,-0.245324229,0.265305909,0.094866055
-0.181890589,0.291755578,0.417154701,1.290677395,-1.106770642
1.620847246,-1.4717861,1.601415412,1.849970933,0.337301529
-0.626512028,0,-0.224701387,1.685051044,-0.432167584
-1.216645938,-0.388387999,-0.245324229,-0.186431179,-0.959201223
0.4324954,-0.977474102,1.068565773,-0.365691929,-0.105406728
1.99271245,-1.830441046,2.163009629,0.372862359,1.117311315
-0.480999557,-0.47572884,-0.205909917,0.745724717,-0.442708257
-0.707352289,0.024158105,-0.245324229,-0.08604516,-0.969741896
0.505251635,-0.239722736,0.890365311,-0.272476339,-0.421626911
0.925620996,-0.576077893,0.707626231,0.136238169,0.010540673
-0.303150981,0.018583158,-0.201610174,0.172090319,-0.653521712
-0.780108525,0.156098526,-0.245324229,0.423055368,-0.590277676
0.246562798,-0.432987577,0.764558014,0.587975258,-0.115947401
1.273234121,-0.566786314,1.06131991,0.308328489,0.495411621
-0.101050327,0.304763788,-0.20399892,-0.136238169,0.590277676
-0.383991243,0.111498947,-0.245324229,-0.293987629,-0.316220183
0.149554484,-0.055749473,0.643050461,-0.172090319,-0.274057492
2.016964528,-1.761683362,2.491541848,-0.00717043,0.347842202
-0.626512028,-0.139373684,-0.196275308,0.860451597,-0.442708257
-0.448663452,0.577936208,-0.245324229,1.634858034,-1.823536391
-0.610343975,0.641118945,0.247235225,0.975178476,-0.347842202
0.578007871,-0.639260629,0.880014078,2.7032521,-0.400545566
-0.125302406,0.282463999,-0.213952029,0.724213427,-1.243799388
-0.739688394,0.386529683,-0.245324229,-0.12189731,-0.748387767
0.044462144,0.209989683,0.589144423,-0.315498919,-0.18973211
1.540006984,-1.196755364,1.619968007,0.408714508,1.233258715
-0.295066955,-0.029733053,-0.205909917,0.838940307,-1.043526605
-1.184309833,0.445995788,-0.245324229,0.344180639,-2.044890519
-0.101050327,-0.49802863,1.333875844,-0.258135479,-1.180555351
1.725939586,-1.516385679,1.515977925,0.315498919,1.233258715
0.311235007,0.254589262,-0.207900539,-0.12906774,0.442708257
-0.26273085,-0.039024631,-0.245324229,0.473248378,-0.126488073
0.092966301,0.302905473,0.545430368,0.423055368,0.484870948
0.675016185,0.096632421,1.303777643,0.322669349,1.106770642
-0.367823191,-0.196981473,-0.206308042,-0.286817199,-0.158110092
-0.480999557,0.263880841,-0.245324229,-0.243794619,0.105406728
-0.173806563,-0.068757684,0.224064388,-0.07887473,-0.010540673
0.739688394,-0.347505051,1.849128386,0.960837616,1.433531498
-0.270814877,-0.977474102,-0.203680421,0.523441388,1.201636697
-0.877116839,-0.490595367,-0.245324229,-0.02868172,1.13839266
0.020210065,-0.979332417,0.482208221,-0.172090319,0.45324893
0.626512028,-0.457145683,1.350676692,0.05736344,1.117311315
-0.521419688,0.152381894,-0.203919295,0.200772039,-0.632440367
-0.311235007,-0.702443366,-0.245324229,-0.150579029,-1.7813737
-0.32740306,-0.499886946,0.123657425,-0.207942469,-0.579737003
0.666932159,-0.704301682,1.164513743,0.960837616,-0.147569419
-0.092966301,-0.035308,-0.214907528,0.03585215,-0.442708257
-0.586091897,0.525903366,-0.245324229,-0.164919889,0.611359021
0.400159295,-0.897566523,0.7113686,0.932155897,-0.548114985
1.054965415,-0.945882733,1.496788331,1.355211265,0.158110092
-0.125302406,0.037166316,-0.223347764,0.530611818,-0.210813456
-0.505251635,-0.460862314,-0.245324229,-0.10755645,-0.674603058
-0.004042013,-0.979332417,0.644802208,-0.265305909,-0.442708257
0.181890589,0.169106736,1.269937073,1.620517174,1.433531498
-0.578007871,0.600235998,-0.211005909,2.932705859,1.370287461
-0.448663452,-0.092915789,-0.245324229,-0.250965049,-0.611359021
-0.149554484,-0.284322315,0.309024126,-0.02868172,-0.64298104
0.634596054,-0.076190947,1.627452745,0.810258587,0.411086238
-0.254646824,0.386529683,-0.204954419,-0.07887473,-0.368923547
-0.772024499,0.325205262,-0.245324229,-0.150579029,-0.548114985
-0.214226693,0.180256631,0.414288205,0.01434086,-0.158110092
0.949873074,-0.258305894,2.234194264,2.079424692,1.21217737
-0.15763851,0.187689894,-0.209094912,1.412574705,0.010540673
-0.64268008,0.328921894,-0.245324229,0.293987629,-1.243799388
-0.472915531,0.485020419,0.467796119,0.04302258,-1.285962079
0.189974615,0.169106736,0.776501745,0.853281167,0.558655657
-0.173806563,-0.245297683,-0.18584445,0.337010209,-0.590277676
-0.626512028,0.297330525,-0.245324229,-0.03585215,-0.600818348
-0.230394746,0.163531789,0.234415621,-0.215112899,-0.484870948
1.305570226,-1.416036626,0.763124767,0.831769877,0.621899694
-0.092966301,-0.221139578,-0.209891161,0.953667186,0.115947401
-0.408243321,0.689435155,-0.245244604,1.025371486,-1.623263608
-0.214226693,0.46272063,0.542245374,0.430225798,-1.40190948
1.434914644,-0.776775997,1.921507394,-0.308328489,1.444072171
-0.820528656,-0.098490736,-0.216977774,-0.387203219,-0.231894801
-0.796276577,0.345646736,-0.245244604,-0.444566658,-0.516492966
0.109134353,-0.252730946,0.463098252,-0.365691929,0.010540673
1.289402173,-0.862258523,1.456259271,-0.02151129,0.790550458
-0.367823191,-0.046457895,-0.18242058,-0.272476339,0.094866055
-0.626512028,0.42741263,-0.245324229,-0.250965049,-0.084325382
-0.424411374,0.622535787,0.037184815,2.222833292,0.537574312
0.448663452,0.353079999,0.932805367,1.921675233,0.917038532
-0.392075269,0.187689894,-0.196195683,0.08604516,0.021081346
-0.634596054,0.587227787,-0.245324229,-0.215112899,-0.685143731
-0.133386432,0.557494735,0.336255832,0.07887473,0.252976147
0.81244463,0.052032842,1.055985043,1.355211265,0.558655657
-0.383991243,0.655985471,-0.211642908,1.140098366,-0.56919633
-0.780108525,0.139373684,-0.245324229,-0.380032789,-0.811631804
0.383991243,-1.090831364,1.695452385,-0.229453759,-0.252976147
2.510090124,-2.049722308,3.009023887,1.082734926,1.718129663
-0.05254617,-0.654127155,-0.200813925,1.018201056,-0.790550458
-1.426830618,0.345646736,-0.245324229,-0.394373649,-1.412450152
0.343571112,-0.447854104,1.116977695,-0.164919889,-0.463789602
2.259485313,-1.804424625,2.714172988,1.161609656,1.243799388
-0.424411374,0.245297683,-0.20742279,1.606176314,0.137028746
-0.456747478,0.670851998,-0.245324229,0.186431179,0.242435474
-0.270814877,0.598377682,0.358550796,0.430225798,1.475694189
0.91753697,-0.336355157,1.623232627,1.247654815,1.538938226
-0.117218379,0,-0.201610174,2.516820921,0.548114985
-0.295066955,0.641118945,-0.245324229,2.366241891,0.411086238
-0.044462144,0.696868418,0.635486098,2.79646769,2.034349846
0.860948787,0.018583158,2.299168159,1.677880614,2.835440978
-0.044462144,-0.23786442,-0.218411022,0.573634398,-1.032985932
-1.079217493,-0.341930104,-0.245324229,0.136238169,-1.054067278
-0.472915531,-0.206273052,0.499247943,0.179260749,0.484870948
0.860948787,-0.304763788,2.015544367,0.573634398,1.612722935
0.068714222,-0.382813051,-0.190621942,0.573634398,-0.284598165
-0.367823191,-0.035308,-0.245324229,-0.172090319,-0.621899694
-0.836696708,0.362371578,0.10542333,0.516270958,1.075148623
-0.15763851,-0.143090315,1.000168009,1.591835454,0.474330275
-0.723520342,0.676426945,-0.208696788,1.247654815,0.411086238
-0.699268263,-0.079907579,-0.245324229,0.200772039,-0.158110092
-0.068714222,-0.295472209,0.479978724,0.473248378,-0.073784709
0.602259949,-0.094774105,1.610174148,2.287367162,1.317584097
-0.489083583,0.639260629,-0.190621942,0.05736344,0.632440367
-0.618428002,0.271314104,-0.245324229,0.150579029,0.158110092
-0.141470458,0.113357263,0.23505262,-0.408714508,-0.252976147
0.26273085,-0.529619998,0.71479247,-0.444566658,0.558655657
-0.497167609,-0.072474316,-0.226214259,-0.444566658,-0.780009786
-0.933705022,0.213706315,-0.245324229,-0.444566658,-0.390004893
-0.553755792,-0.297330525,0.258143833,-0.444566658,-0.906497859
1.014545284,-1.252504838,1.804936583,-0.444566658,0.242435474
-0.359739164,0.481303788,-0.198823304,-0.444566658,-0.084325382
-0.836696708,0.59466105,-0.245324229,-0.444566658,-0.843253822
-0.529503714,0.395821262,0.292701027,-0.200772039,-0.210813456
0.246562798,0.169106736,1.407449225,-0.222283329,1.032985932
-0.424411374,0.436704209,-0.214429778,-0.243794619,0.790550458
-0.658848132,0.254589262,-0.245244604,-0.06453387,-0.221354128
-0.4324954,0.646693892,0.253764465,1.039712346,1.285962079
0.230394746,0.328921894,1.140068907,0.523441388,0.221354128
-0.675016185,0.769342734,-0.22263114,0.559293538,1.412450152
-0.602259949,0.769342734,-0.245085354,1.527301584,1.085689296
-0.319319034,0.299188841,0.1546315,1.964697813,-0.611359021
0.295066955,0.507320209,1.558019857,1.842800503,1.180555351
-0.626512028,0.676426945,-0.211802158,0.437396228,1.32812477
-1.079217493,0.496170314,-0.245085354,0.831769877,1.338665443
-0.699268263,0.568644629,0.092922225,0.186431179,1.370287461
-0.634596054,0.678285261,0.408953339,-0.222283329,1.633804281
-0.796276577,0.276889052,-0.209174537,-0.301158059,0.463789602
-0.901368917,0.353079999,-0.245244604,-0.222283329,-0.252976147
-1.054965415,0.390246314,0.042280807,-0.229453759,-0.790550458
-0.26273085,-0.444137472,1.010758116,-0.344180639,0.716765749
-0.74777242,0.174681684,-0.207183915,-0.358521499,-0.621899694
-0.763940473,0.509178524,-0.245244604,-0.315498919,0.621899694
-0.521419688,0.47572884,0.734141313,-0.358521499,1.391368807
0.464831504,-0.719168208,1.837184656,-0.394373649,1.844617736
-0.804360603,0.094774105,-0.209811536,-0.365691929,-0.179191437
-0.569923845,0.014866526,-0.245324229,-0.293987629,-0.37946422
-0.303150981,0.425554314,0.277413052,0.250965049,0.706225076
1.143889702,-0.947741049,2.619180517,0.939326327,1.960565137
-0.408243321,0.258305894,-0.211483658,-0.272476339,-0.358382874
-1.394494513,0.570502945,-0.245324229,-0.401544079,-0.263516819
-0.214226693,0.113357263,0.594558914,-0.265305909,-0.611359021
1.774443743,-1.390020205,2.583747449,-0.12906774,0.801091131
-0.505251635,0.126365473,-0.17326372,-0.344180639,-0.221354128
-1.44299867,0.304763788,-0.245324229,-0.358521499,-0.421626911
0.060630196,-0.626252419,0.771724253,-0.430225798,0.252976147
1.467250749,-1.808141257,2.217074917,-0.444566658,1.570560244
-0.529503714,-0.410687788,-0.186003699,-0.444566658,-0.179191437
-0.505251635,0.603952629,-0.245324229,-0.444566658,-0.242435474
-0.101050327,0.464578946,0.42368394,0.337010209,0.115947401
1.119637624,-0.32148863,1.588356933,0.09321559,1.623263608
-0.141470458,0.143090315,-0.17310447,-0.437396228,1.528397553
-0.974125153,0.468295577,-0.245324229,-0.444566658,0.516492966
-0.125302406,0.052032842,0.907484658,-0.351351069,0.674603058
2.073552711,-3.004896621,3.57921759,-0.337010209,2.54030214
0.367823191,-0.590944419,-0.19500131,-0.250965049,0.737847095
-0.173806563,0.32148863,-0.245324229,-0.09321559,0.052703364
-0.036378118,0.159815157,0.133530909,1.018201056,0.274057492
0.998377231,-0.157956842,1.411589719,1.168780086,1.8973211
0.101050327,0.390246314,-0.189507194,0,1.043526605
-0.270814877,0.769342734,-0.245324229,0.10038602,1.117311315
-0.004042013,0.369804841,0.722834582,0.709872567,1.191096024
1.208561912,-0.931016207,1.725470961,1.634858034,1.697048317
0.076798249,0.297330525,-0.203521171,0.243794619,0.042162691
-0.367823191,0.566786314,-0.245324229,0.501930098,-0.548114985
-0.05254617,0.494311998,0.756834402,0.258135479,-0.210813456
1.88762011,-1.129855996,1.531027026,0.903474177,0.252976147
0.278898903,0.655985471,-0.21984427,-0.193601609,-1.391368807
-0.084882275,0.769342734,-0.245324229,-0.301158059,-0.706225076
0.214226693,0.423695998,0.723232706,-0.229453759,-0.64298104
1.88762011,-0.945882733,2.133309552,0.480418808,1.191096024
0.076798249,0.459003998,-0.173024845,0.186431179,0.432167584
-0.408243321,0.767484418,-0.245164979,-0.186431179,0.231894801
-0.270814877,0.576077893,0.403538848,0.344180639,0.063244037
1.119637624,-0.288038946,2.150667774,0.867622027,1.307043425
-0.295066955,0.16724842,-0.173980344,0.322669349,1.359746789
-0.618428002,0.029733053,-0.245324229,0.781576867,-0.115947401
-0.22231072,0.310338736,0.416119577,-0.265305909,0.579737003
0.901368917,-0.862258523,1.521472041,-0.258135479,1.264880734
-0.489083583,-0.297330525,-0.191497815,-0.279646769,-0.042162691
-0.295066955,0.544486524,-0.245324229,-0.236624189,-0.653521712
-0.109134353,0.769342734,0.321127106,1.204632236,1.359746789
0.343571112,0.615102524,1.227417391,1.211802666,1.465153516
-0.286982929,-0.052032842,-0.209731911,0.207942469,0.179191437
-0.553755792,0.143090315,-0.245324229,-0.05019301,0.263516819
-0.359739164,0.518470103,0.104228957,-0.301158059,0.442708257
0.683100211,-0.670851998,2.076696269,-0.380032789,0.843253822
-0.101050327,-0.310338736,-0.185127826,-0.408714508,-0.748387767
-0.561839818,-0.144948631,-0.245324229,-0.394373649,-0.368923547
-0.351655138,-0.128223789,0.025559584,-0.07887473,-0.780009786
0.4324954,-0.141231999,1.010917366,0.867622027,0.895957186
-0.400159295,0.590944419,-0.227488257,-0.215112899,0.200272783
-1.750191665,0.098490736,-0.245085354,-0.430225798,0.18973211
-0.53758774,-1.429044837,1.378784272,-0.444566658,-0.411086238
2.049300633,-3.175861673,3.025983984,-0.444566658,0.780009786
-0.731604368,-1.724517046,-0.181146582,-0.444566658,-0.021081346
-2.138224921,-1.52010231,-0.245324229,-0.444566658,-1.433531498
-0.060630196,-2.354486097,1.49431996,-0.444566658,-0.411086238
2.154392973,-3.476908829,2.492815846,-0.430225798,1.444072171
-1.054965415,-1.503377468,-0.195877183,-0.415884938,-0.516492966
-1.814863874,-0.512895156,-0.245324229,-0.430225798,-0.664062385
-0.165722536,-0.797217471,0.674343035,0.05019301,-0.316220183
1.345990356,-1.490369258,1.175183476,0.487589238,0.695684403
-0.238478772,0.590944419,-0.220083144,-0.06453387,0.442708257
-0.578007871,0.663418734,-0.245324229,-0.164919889,-0.147569419
-0.424411374,0.53333663,0.26905244,-0.12189731,0.115947401
0.238478772,-0.15424021,1.185295834,0.02868172,1.296502752
-0.860948787,0.180256631,-0.168247353,-0.172090319,0.063244037
-1.936124267,0.535194945,-0.245324229,-0.423055368,0.073784709
-1.063049441,-0.583511156,0.558090723,-0.12906774,-0.274057492
1.063049441,-2.187237676,2.788224119,0.01434086,0.579737003
-0.634596054,-1.083398101,-0.174935842,0.415884938,0.252976147
-0.941789048,0.245297683,-0.245324229,0.788747297,-0.885416513
-0.53758774,0.059466105,0.373520271,1.584665024,-0.516492966
0.448663452,-0.191406526,1.395505495,0.587975258,0.611359021
-0.974125153,0.507320209,-0.223984763,0.05019301,0.137028746
-1.44299867,0.180256631,-0.245324229,-0.193601609,-1.549478899
-0.586091897,-0.176539999,0.647907578,-0.02151129,-1.222718042
1.580427115,-1.399311784,1.67379442,1.297847825,0.843253822
-0.270814877,0.208131368,-0.195080935,0.559293538,-0.505952293
-0.957957101,0.380954735,-0.245324229,-0.315498919,-0.822172477
0.117218379,-0.483162103,0.786534479,-0.415884938,-1.054067278
2.025048554,-2.025564203,2.108785092,0.186431179,0.505952293
-0.020210065,0.22485621,-0.185207451,1.140098366,-0.685143731
-0.763940473,0.347505051,-0.245324229,2.014890823,-1.275421406
-0.295066955,0.267597473,0.447491777,0.279646769,-0.137028746
1.871452057,-1.737525257,2.820631441,0.810258587,0.885416513
0.028294092,0.009291579,-0.195080935,1.269166105,0.400545566
-0.691184237,0.585369472,-0.245324229,3.807498316,-0.411086238
-0.497167609,0.117073894,0.282190544,2.344730601,-0.64298104
-0.060630196,-0.213706315,0.696637999,3.456147247,-0.200272783
-0.788192551,0.624394103,-0.233300873,0.652509128,0.210813456
-0.828612682,0.769342734,-0.245324229,1.297847825,-0.421626911
-0.343571112,0.347505051,0.592010918,-0.02868172,-0.358382874
0.707352289,-0.291755578,1.576492827,0.02868172,1.686507645
-0.626512028,0.336355157,-0.195717934,-0.265305909,-0.874875841
-0.772024499,0.191406526,-0.245324229,-0.358521499,-0.695684403
0.012126039,-0.800934102,0.827143163,-0.344180639,-0.179191437
1.637015298,-1.921498519,2.512801689,-0.243794619,1.13839266
-0.133386432,-0.005574947,-0.144598766,-0.12189731,-0.210813456
-0.966041127,0.061324421,-0.245324229,-0.380032789,-0.305679511
-0.586091897,-0.704301682,0.342466571,-0.150579029,-0.558655657
1.184309833,-0.804650734,2.250198863,-0.10755645,0.737847095
-0.553755792,0.760051155,-0.218570272,-0.05019301,1.096229969
-1.02262931,0.702443366,-0.245324229,0.229453759,0.969741896
-0.335487086,-0.122648842,0.964575691,-0.322669349,1.686507645
1.224729964,-1.070389891,2.896513944,-0.423055368,1.865699082
-0.901368917,0.139373684,-0.190781192,-0.437396228,0.052703364
-0.529503714,0.139373684,-0.245324229,-0.444566658,-1.191096024
0.092966301,-0.405112841,0.481969346,-0.200772039,-0.885416513
0.901368917,-0.559353051,1.431177437,0.04302258,0.548114985
-0.319319034,0.695010103,-0.2167389,-0.236624189,0.653521712
-0.553755792,0.676426945,-0.245164979,-0.279646769,-0.137028746
-0.286982929,0.432987577,0.40505172,0.193601609,0.316220183
0.763940473,0.052032842,2.116190205,0.501930098,1.201636697
-0.375907217,0.360513262,-0.206467291,0.380032789,0.137028746
-0.375907217,-0.107782315,-0.245324229,0.645338698,-1.106770642
-0.012126039,-0.288038946,0.347164439,1.964697813,-1.338665443
0.91753697,-0.490595367,1.928116259,3.126307468,0.231894801
-0.610343975,0.172823368,-0.168486228,0.530611818,0.432167584
-0.739688394,0.351221683,-0.245324229,0.10038602,1.043526605
-0.270814877,-0.605810945,0.490489207,0.645338698,-0.263516819
0.85286476,-1.274804627,2.272016078,0.838940307,0.748387767
-0.74777242,0.624394103,-0.219446145,0.11472688,0.358382874
-0.901368917,0.769342734,-0.245244604,0.12906774,0.200272783
-0.64268008,0.406971156,0.38952487,-0.279646769,0.421626911
0.206142667,-0.117073894,1.42600182,-0.279646769,0.600818348
-0.739688394,0.262022525,-0.181783581,-0.387203219,0.474330275
-0.901368917,0.354938314,-0.245324229,-0.308328489,-0.432167584
-0.650764106,-0.293613894,0.215146402,-0.394373649,0.358382874
0.189974615,-0.052032842,0.685570142,-0.444566658,0.231894801
-0.278898903,0.050174526,-0.208457913,-0.444566658,0.221354128
-0.925620996,0.719168208,-0.245005729,-0.444566658,0.505952293
-0.335487086,-0.222997894,0.50442356,-0.444566658,0.126488073
1.087301519,-0.815800629,1.779217749,-0.444566658,0.105406728
-0.303150981,0.455287367,-0.181465082,-0.444566658,0.221354128
-1.014545284,0.769342734,-0.245244604,-0.444566658,-0.115947401
-0.416327347,0.438562525,0.542165749,-0.444566658,0.274057492
1.192393859,-1.02207368,1.889975945,-0.444566658,0.990823241
-0.844780734,-0.174681684,-0.185048201,-0.444566658,0.337301529
-1.079217493,0.037166316,-0.245324229,-0.444566658,-0.94866055
-0.206142667,-0.241581052,0.332115338,-0.358521499,-1.106770642
1.459166723,-1.061098312,2.597920676,-0.207942469,1.254340061
-0.15763851,0.306622104,-0.189109069,-0.11472688,0.337301529
-0.715436316,0.323346946,-0.245244604,-0.10755645,-0.073784709
-0.15763851,0.354938314,0.366831782,0.12189731,-0.484870948
0.497167609,0.165390105,1.308953259,0.10755645,1.148933333
-1.119637624,-0.306622104,-0.202486048,-0.243794619,0.347842202
-1.160057755,0.068757684,-0.245324229,-0.401544079,-0.37946422
-0.26273085,-0.431129262,0.675935533,-0.444566658,0.179191437
1.281318147,-1.731950309,2.00758188,-0.444566658,1.644344954
-0.909452944,0.208131368,-0.162753237,-0.444566658,-0.137028746
-2.324157522,-0.068757684,-0.245324229,-0.444566658,-0.495411621
-0.165722536,-1.726375362,1.807086454,-0.301158059,-0.126488073
2.113972842,-2.518017886,2.660028076,-0.215112899,0.347842202
0.05254617,-0.310338736,-0.149615133,-0.12906774,-0.073784709
-0.699268263,0.286180631,-0.245324229,-0.365691929,0.284598165
-0.109134353,-0.137515368,0.355763925,0.623827408,0.052703364
1.653183351,-1.572135152,2.352835322,1.713732764,0.938119877
-0.286982929,-0.709876629,-0.152402004,0.344180639,-0.611359021
-0.472915531,0.609527577,-0.245324229,1.240484385,-1.59164159
-0.084882275,0.371663157,0.496540697,-0.308328489,-1.380828134
1.677435429,-1.038798523,2.74705806,0.05019301,1.285962079
0.004042013,0.445995788,-0.158533119,0.05736344,0.231894801
-0.772024499,0.66527705,-0.245324229,-0.344180639,0.221354128
-0.028294092,-0.754476208,0.967362562,-0.372862359,-0.621899694
1.572343089,-1.668767573,2.256728103,-0.315498919,1.654885626
-0.893284891,-0.325205262,-0.185605575,-0.308328489,0.210813456
-0.602259949,0.438562525,-0.245244604,-0.308328489,-0.579737003
-0.149554484,0.196981473,0.474882732,0.351351069,-0.179191437
1.046881388,-0.817658944,2.023745729,0.501930098,1.654885626
-0.739688394,-0.23786442,-0.180987332,-0.193601609,0.790550458
-0.788192551,0.241581052,-0.245324229,-0.337010209,0.231894801
0.165722536,-0.730318103,0.983446786,0.00717043,0.137028746
1.12772165,-1.051806733,1.965380699,0.286817199,1.296502752
-0.383991243,0.438562525,-0.203600796,1.520131154,1.275421406
-0.974125153,0.758192839,-0.245324229,1.376722555,-0.632440367
-0.594175923,0.564927998,0.521065158,1.462767715,0.021081346
1.61276322,-2.073880413,3.068025916,1.950356953,1.623263608
0.109134353,-0.975615786,-0.156303622,1.656369324,-0.632440367
-0.303150981,0.349363367,-0.245324229,4.201871964,-0.769469113
0.319319034,0.096632421,0.987428029,1.520131154,-0.442708257
1.354074383,-0.406971156,2.116030955,1.369552125,0.969741896
-0.26273085,0.520328419,-0.206069167,-0.0717043,0.590277676
-0.675016185,0.598377682,-0.245324229,-0.215112899,0.45324893
-0.181890589,0.031591368,0.002707246,-0.394373649,-0.421626911
1.087301519,-0.503603577,1.771573762,-0.444566658,2.287325993
-0.383991243,0.288038946,-0.211722533,-0.444566658,0.674603058
-0.586091897,0.371663157,-0.245324229,-0.444566658,0.368923547
-0.416327347,0.027874737,0.108687949,-0.10755645,0.653521712
0.578007871,-0.289897262,1.334990592,1.455597285,0.094866055
-0.456747478,0.702443366,-0.195080935,0.587975258,0.548114985
-1.030713336,0.650410524,-0.245085354,0.831769877,-0.843253822
-0.448663452,0.035308,0.554427979,-0.423055368,-0.094866055
0.634596054,-0.994198944,1.255126846,-0.415884938,1.40190948
-1.23281399,-0.583511156,-0.209174537,-0.444566658,-0.843253822
-2.057384659,-0.390246314,-0.245324229,-0.444566658,-0.200272783
-0.561839818,-1.209763575,1.674590668,-0.430225798,0.168650764
1.952292319,-3.276210725,3.663142205,0.293987629,2.150297247
-0.4324954,-0.479445472,-0.199380678,1.577494594,2.181919265
-0.755856446,0.332638525,-0.245324229,-0.06453387,-0.231894801
-0.723520342,0.572361261,0.107175077,-0.337010209,1.623263608
0.278898903,-0.070616,1.288410043,-0.365691929,1.307043425
-0.869032813,-0.315913683,-0.201610174,-0.423055368,-0.411086238
-0.594175923,0.384671367,-0.245244604,-0.408714508,-0.18973211
-0.173806563,-0.176539999,0.521144783,-0.444566658,0.56919633
1.40257854,-1.04437347,2.300282907,-0.444566658,0.938119877
-0.529503714,0.187689894,-0.183535328,-0.444566658,-0.031622018
-1.240898016,0.234147789,-0.245324229,-0.444566658,-1.307043425
-0.238478772,-0.451570735,0.738918806,-0.365691929,-0.505952293
0.650764106,-1.007207154,1.326072607,-0.272476339,0.927579205
-1.071133467,0.434845893,-0.192931063,-0.415884938,-0.084325382
-1.564259063,0.641118945,-0.245244604,-0.444566658,-0.073784709
0.092966301,-1.858315783,1.751986043,-0.444566658,0.780009786
2.041216607,-3.305943777,3.957196854,-0.293987629,1.97110581
-1.135805676,-0.35679663,-0.188710945,-0.229453759,0.210813456
-0.788192551,0.587227787,-0.245324229,-0.423055368,-0.83271315
-0.22231072,0.377238104,0.789878723,-0.344180639,-0.305679511
1.313654252,-1.083398101,1.969760066,-0.08604516,0.674603058
-0.497167609,0.20255642,-0.18226133,-0.215112899,-0.400545566
-0.949873074,0.47572884,-0.245324229,-0.351351069,-0.505952293
-0.173806563,0.055749473,0.427505934,-0.279646769,-0.938119877
1.12772165,-0.93844947,1.774679132,0.924985467,0.063244037
-0.26273085,0.293613894,-0.195399434,0.344180639,-0.168650764
-0.658848132,0.243439368,-0.245324229,0.136238169,-1.201636697
0.020210065,-0.397679577,0.775227747,-0.243794619,-0.337301529
0.529503714,-0.525903366,1.560090104,-0.286817199,0.274057492
-1.079217493,0.16724842,-0.200017677,-0.430225798,-0.115947401
-0.869032813,0.364229893,-0.245324229,-0.444566658,-0.295138838
-0.173806563,-0.232289473,0.398044732,-0.444566658,0.126488073
1.111553598,-1.371437048,1.440095422,-0.430225798,0.769469113
-0.796276577,-0.65226884,-0.180828083,-0.415884938,-0.031622018
-1.871452057,-0.449712419,-0.245324229,-0.430225798,-0.031622018
-0.448663452,-0.447854104,0.474166109,-0.301158059,0.432167584
1.345990356,-1.726375362,1.57131721,0.193601609,0.200272783
-0.513335661,-0.113357263,-0.158373869,0.193601609,0.179191437
-0.529503714,0.535194945,-0.245244604,2.022061252,-0.021081346
-0.125302406,0.059466105,0.397805857,0.717042997,-0.780009786
0.416327347,0.183973262,0.649261201,0.12906774,-0.137028746
-0.602259949,0.750759576,-0.226532759,-0.10755645,0.558655657
-1.006461258,0.761909471,-0.244846479,-0.293987629,1.043526605
-0.763940473,0.66527705,0.21331503,-0.308328489,0.094866055
0.85286476,-0.90314147,1.711775483,-0.12906774,0.147569419
-0.489083583,0.020441474,-0.21347428,-0.250965049,0.200272783
-0.860948787,0.721026524,-0.245164979,-0.394373649,-0.168650764
-0.53758774,0.26016421,0.34358132,-0.365691929,-0.073784709
0.448663452,0.182114947,1.594010299,-0.351351069,1.391368807
-1.135805676,0.434845893,-0.179952209,-0.387203219,0.400545566
-1.087301519,-0.823233892,-0.245324229,-0.401544079,-0.558655657
-0.343571112,-0.551919787,0.319693858,-0.380032789,-0.790550458
0.400159295,0.065041052,1.999300894,-0.344180639,1.486234862
-0.424411374,0.245297683,-0.176926464,-0.358521499,-0.210813456
-0.610343975,0.49802863,-0.245324229,-0.315498919,-0.37946422
-0.383991243,0.713593261,0.483084094,0.752895147,1.180555351
0.626512028,0.286180631,1.854622503,1.118587076,1.159474006
-0.456747478,0.754476208,-0.228443756,0.329839779,0.811631804
-0.602259949,0.769342734,-0.245324229,0.337010209,0.600818348
0.060630196,-0.306622104,1.337777463,-0.423055368,0.537574312
0.820528656,-0.557494735,2.526099042,-0.444566658,1.644344954
-1.354074383,0.53333663,-0.162832862,-0.444566658,-0.147569419
-1.143889702,-0.044599579,-0.245324229,-0.444566658,-0.83271315
-0.270814877,-0.538911577,0.520587409,-0.444566658,-0.474330275
1.160057755,-1.533110521,1.566778593,-0.415884938,1.106770642
-0.238478772,-0.053891158,-0.180907708,-0.444566658,0.147569419
-0.796276577,0.267597473,-0.245324229,-0.444566658,-0.37946422
-0.076798249,-0.005574947,0.778651617,-0.372862359,-0.326760856
0.85286476,-1.070389891,1.46931775,-0.358521499,0.674603058
-1.111553598,-0.59466105,-0.149694758,-0.394373649,0.252976147
-2.914291432,-0.172823368,-0.245324229,-0.430225798,0.105406728
-0.489083583,-0.986765681,0.914412022,-0.286817199,0.685143731
0.925620996,-0.434845893,1.751508294,-0.10755645,0.737847095
-0.788192551,-0.026016421,-0.162514362,-0.06453387,0.210813456
-0.529503714,-0.191406526,-0.245324229,-0.286817199,-1.001363914
-0.068714222,0.23786442,0.38331413,0.301158059,-0.221354128
1.071133467,-0.328921894,1.371936533,0.337010209,1.106770642
-0.109134353,-0.042741263,-0.144598766,0.05736344,0.685143731
-0.375907217,0.354938314,-0.245324229,-0.157749459,-0.548114985
-0.092966301,0.026016421,0.781119988,-0.207942469,1.264880734
0.586091897,-0.170965052,1.222958398,0.781576867,1.7813737
-0.626512028,-0.243439368,-0.166495606,0.143408599,0.748387767
-0.489083583,-0.104065684,-0.245324229,-0.437396228,-0.168650764
0.181890589,-0.564927998,0.925081755,-0.401544079,1.243799388
1.693603482,-2.369352623,2.968494827,-0.157749459,2.740574923
-0.723520342,-0.944024418,-0.183137204,-0.179260749,0.94866055
-1.103469572,-0.548203156,-0.245324229,-0.444566658,0.347842202
-0.109134353,-0.843675365,1.381491517,-0.394373649,1.233258715
0.974125153,-1.265513048,1.798486968,0.193601609,0.895957186
-0.618428002,-0.360513262,-0.174059969,0.896303747,0.031622018
-1.766359717,-0.44042084,-0.245324229,-0.315498919,-0.347842202
-0.456747478,-2.194670939,1.741873685,-0.394373649,-0.073784709
2.20289713,-3.580974513,3.058630182,-0.329839779,0.664062385
-0.141470458,-1.272946311,-0.164664234,-0.401544079,-0.685143731
-1.151973729,-0.802792418,-0.245324229,-0.444566658,-0.853794495
0.036378118,-1.724517046,1.126293805,-0.437396228,-0.274057492
1.44299867,-2.748449043,2.283720934,0.767236007,1.285962079
-1.014545284,-2.977021884,-0.126125796,0.222283329,-0.158110092
-2.995131694,-1.958664835,-0.245324229,-0.444566658,-0.031622018
-0.626512028,-4.519423983,1.842758397,-0.444566658,0.390004893
2.089720764,-4.138469248,3.678987554,-0.444566658,2.382192048
-1.410662566,-1.107556206,-0.207024665,-0.444566658,0.737847095
-2.526258177,-2.382360833,-0.245324229,-0.444566658,-0.263516819
-0.383991243,-4.604906509,1.826116799,-0.444566658,0.295138838
2.089720764,-4.363325458,3.719277739,-0.444566658,2.16083792
-1.265150095,-1.232063364,-0.169441726,-0.444566658,0.084325382
-2.954711563,-1.960523151,-0.245324229,-0.444566658,-0.495411621
-0.311235007,-5.182842718,1.961717954,-0.444566658,1.222718042
2.186729078,-5.272041875,3.829160061,-0.444566658,2.181919265
-2.20289713,-1.21162189,-0.191020066,-0.444566658,0.442708257
-3.124476113,-1.754250099,-0.245324229,-0.444566658,-0.137028746
-0.392075269,-3.733356407,1.951685221,-0.415884938,0.917038532
2.396913758,-3.629290724,3.115641589,-0.06453387,1.8973211
0.181890589,-0.206273052,-0.197230806,-0.09321559,0.231894801
-1.257066069,0.128223789,-0.245324229,0.06453387,-1.560019571
-0.068714222,0.27317242,0.571149202,-0.430225798,-0.252976147
1.434914644,-1.07968147,1.746571552,-0.394373649,1.21217737
-0.561839818,-0.087340842,-0.158612744,-0.423055368,0.042162691
-0.91753697,0.122648842,-0.245324229,-0.444566658,-0.864335168
0.375907217,-0.936591154,0.672432038,-0.344180639,-0.063244037
2.881955328,-3.266919146,2.734158831,0.344180639,1.075148623
0.125302406,-0.278747367,-0.190223818,0.480418808,-0.010540673
-0.165722536,0.468295577,-0.245324229,-0.200772039,-0.64298104
0.456747478,-0.208131368,0.554029855,0.08604516,-0.843253822
1.329822304,-1.159589048,0.850712125,0.602316118,0.664062385
0.254646824,-0.096632421,-0.202645297,-0.172090319,0.231894801
-0.214226693,-0.085482526,-0.245324229,-0.164919889,-0.895957186
0.416327347,-0.828808839,0.70531711,0.695531707,-0.632440367
1.12772165,-0.711734945,1.002397505,1.849970933,0.716765749
0.036378118,0.44042084,-0.196753057,0.874792457,-0.716765749
-0.521419688,0.592802735,-0.245324229,0.186431179,-0.179191437
0.26273085,-0.122648842,0.647270579,-0.157749459,-0.231894801
2.065468685,-1.739383573,1.986720164,0.451737088,1.454612844
0.020210065,0.472012209,-0.195717934,-0.179260749,0.137028746
-0.416327347,0.758192839,-0.245324229,-0.380032789,-0.463789602
0.351655138,0.328921894,1.260620963,-0.301158059,-0.115947401
1.968460371,-1.508952416,2.064354414,0.05736344,1.170014678
-0.214226693,0.468295577,-0.199380678,-0.401544079,-0.052703364
-0.553755792,0.620677471,-0.245324229,-0.444566658,-0.158110092
0.15763851,0.003716632,0.750623662,-0.322669349,0.063244037
1.40257854,-1.464352837,1.485401974,0.717042997,1.359746789
0.05254617,-0.020441474,-0.20089355,0.630997838,0.874875841
-0.626512028,0.271314104,-0.245324229,-0.236624189,0.695684403
0.084882275,-0.509178524,0.625532989,0.215112899,0.326760856
0.675016185,-0.940307786,1.027558964,1.290677395,1.370287461
-1.063049441,-0.849250313,-0.205511793,-0.06453387,0.105406728
-1.200477886,-1.025790312,-0.245324229,-0.329839779,-0.126488073
-0.189974615,-1.07968147,1.287693419,-0.215112899,0.737847095
1.23281399,-1.724517046,2.067698658,0.157749459,0.495411621
-0.351655138,-0.293613894,-0.17294522,0.12189731,0.210813456
-0.53758774,0.16724842,-0.245324229,-0.437396228,0.063244037
-0.359739164,0.550061472,0.255118088,-0.444566658,0.115947401
0.990293205,-0.984907365,1.643377719,-0.437396228,0.685143731
0.012126039,-0.695010103,-0.158771993,-0.408714508,0.664062385
-0.440579426,0.685718524,-0.245164979,-0.444566658,0.621899694
-0.189974615,0.46272063,0.774511123,-0.437396228,1.001363914
1.418746592,-1.259938101,2.340174968,-0.437396228,0.706225076
-0.238478772,-0.001858316,-0.184888951,-0.444566658,0.042162691
-0.569923845,0.262022525,-0.245324229,-0.444566658,-0.411086238
0.05254617,-0.397679577,0.585800178,-0.200772039,-0.031622018
1.871452057,-2.235553887,2.496080466,-0.157749459,1.812995718
-0.408243321,0.204414736,-0.181863206,-0.258135479,0.390004893
-0.53758774,0.574219577,-0.245324229,-0.243794619,0.527033639
-0.117218379,0.131940421,0.50115894,0.738554287,0.527033639
1.701687508,-2.086888624,2.749526431,-0.380032789,1.391368807
-0.723520342,-0.35679663,-0.220481269,-0.229453759,0.242435474
-1.903788162,-0.027874737,-0.245324229,-0.444566658,-0.421626911
0.165722536,-2.086888624,1.993727153,-0.444566658,0.084325382
3.06788793,-4.285276195,3.91053668,-0.279646769,1.633804281
-0.464831504,-1.222771785,-0.210448535,0.638168268,-0.990823241
-1.063049441,-0.488737051,-0.245324229,0.380032789,-1.538938226
0.214226693,-1.025790312,0.918313641,-0.265305909,-1.180555351
3.043635851,-3.369126514,2.393125507,0.781576867,-0.242435474
0.295066955,0.042741263,-0.24142261,2.122447272,-1.928943119
-0.181890589,0.550061472,-0.245324229,-0.222283329,-2.129215901
0.933705022,-0.741467997,1.551410993,-0.351351069,-1.939483791
2.364577653,-2.151929676,1.537397015,0.229453759,-0.390004893
0.004042013,-0.713593261,-0.200575051,0.760065577,-1.528397553
-1.224729964,0.375379788,-0.245324229,0.645338698,-2.150297247
0.214226693,-0.492453682,0.931133245,0.05736344,-0.780009786
2.631350517,-2.63509178,2.02916022,1.132927936,0.242435474
-0.092966301,0.360513262,-0.164027235,0.781576867,-0.221354128
-0.400159295,0.603952629,-0.245244604,-0.315498919,0.274057492
0.044462144,0.137515368,0.222392266,1.161609656,-0.042162691
0.763940473,-0.059466105,1.039184195,2.911194569,1.159474006
-0.189974615,-0.01300821,-0.164027235,0.380032789,0.305679511
-0.133386432,0.680143576,-0.245324229,-0.07887473,0.347842202
0.133386432,0.564927998,0.339440826,1.118587076,0.45324893
0.351655138,0.501745261,0.864009479,0.824599447,2.477058103
-0.295066955,0.737751366,-0.223029265,0.12189731,1.644344954
-1.054965415,0.442279156,-0.245164979,-0.09321559,1.97110581
-0.383991243,0.340071788,0.259975205,2.67457038,0.137028746
0.594175923,-0.018583158,1.078678132,1.591835454,0.853794495
-0.869032813,0.003716632,-0.214907528,0.179260749,0.37946422
-0.311235007,0.325205262,-0.245324229,-0.272476339,-0.18973211
-0.335487086,0.760051155,0.45489689,-0.09321559,0.969741896
0.618428002,-0.486878735,1.604520782,1.405404275,0.316220183
-0.545671766,-0.362371578,-0.169521351,0.401544079,-0.147569419
-0.860948787,0.46272063,-0.245324229,-0.437396228,-0.147569419
-0.351655138,-0.078049263,0.373599896,-0.437396228,0.358382874
0.836696708,-0.715451576,1.797929594,-0.444566658,1.338665443
-1.111553598,-1.66133431,-0.213235405,-0.444566658,0.158110092
-2.421165836,-1.607443152,-0.245324229,-0.444566658,0.158110092
-0.149554484,-1.295246101,1.099699098,-0.437396228,0.83271315
2.073552711,-2.588633885,2.668070188,-0.157749459,1.02244526
-0.497167609,-1.029506944,-0.193488437,-0.286817199,-0.274057492
-0.925620996,0.401396209,-0.245324229,-0.444566658,-0.18973211
0.464831504,-0.730318103,0.905732911,-0.193601609,-0.168650764
2.485838046,-2.532884412,2.369715795,1.204632236,1.159474006
0.553755792,-0.180256631,-0.192373689,0.874792457,0.295138838
-0.092966301,0.715451576,-0.245164979,-0.408714508,-0.432167584
0.198058641,0.574219577,0.725223328,-0.286817199,0.368923547
1.362158409,-0.353079999,1.804777333,0.08604516,1.085689296
0.141470458,0.252730946,-0.200734301,-0.265305909,-0.45324893
-0.270814877,0.642977261,-0.245324229,-0.444566658,-0.874875841
0.489083583,0.226714525,1.107661585,-0.423055368,-0.18973211
1.669351403,-0.444137472,1.983614794,-0.200772039,1.296502752
0.060630196,0.23786442,-0.169441726,-0.387203219,-0.305679511
-0.189974615,0.769342734,-0.245324229,-0.444566658,-0.590277676
0.586091897,-0.209989683,1.10726346,-0.358521499,-0.18973211
2.485838046,-1.977247993,2.47784637,0.286817199,0.938119877
0.723520342,0.152381894,-0.211244784,0.960837616,-0.252976147
0.133386432,0.730318103,-0.245324229,0.02868172,-0.621899694
0.578007871,0.295472209,0.652605445,0.494759668,-0.010540673
1.903788162,-1.051806733,1.245890361,4.187531104,0.864335168
0.383991243,0.637402313,-0.202565673,3.033091879,-0.811631804
-0.270814877,0.765626102,-0.245324229,-0.150579029,-1.7813737
0.529503714,0.174681684,0.788604725,-0.301158059,-0.927579205
2.000796476,-1.360287153,0.913297274,0.953667186,0.706225076
0.489083583,0.310338736,-0.226771633,2.301708021,-0.37946422
-0.278898903,0.74890126,-0.245164979,1.168780086,-1.096229969
0.319319034,-0.066899368,0.989816775,0.09321559,-0.590277676
2.105888816,-1.280379574,2.470441257,0.623827408,0.874875841
0.15763851,0.713593261,-0.230752877,0.674020417,-0.284598165
-0.400159295,0.639260629,-0.245244604,0.02151129,-0.326760856
0.4324954,0.033449684,1.190312201,-0.0717043,-0.790550458
1.863368031,-0.689435155,2.318676253,0.01434086,0.895957186
0.012126039,0.741467997,-0.220560894,-0.337010209,0.126488073
-0.286982929,0.579794524,-0.245324229,-0.365691929,-0.527033639
0.109134353,0.473870525,0.508245554,0.724213427,-0.358382874
1.40257854,-0.537053261,2.530398785,0.910644607,1.317584097
0.068714222,0.079907579,-0.191816315,0.451737088,0.063244037
-0.311235007,0.734034734,-0.245324229,0.315498919,-0.822172477
-0.060630196,0.654127155,0.489772583,1.620517174,0.305679511
0.788192551,0.165390105,1.588755057,0.989519336,1.191096024
-0.521419688,0.486878735,-0.227567882,0.0717043,0.115947401
-0.869032813,0.722884839,-0.245324229,-0.179260749,-0.495411621
-0.028294092,0.219281262,1.01768548,-0.358521499,0.010540673
1.394494513,-1.066673259,1.945554106,-0.401544079,1.011904587
-0.109134353,0.271314104,-0.168326978,-0.437396228,0.18973211
-0.230394746,0.53333663,-0.245324229,-0.444566658,-0.801091131
0.068714222,0.468295577,0.482606345,-0.444566658,-0.252976147
1.192393859,-0.535194945,1.130991672,-0.444566658,0.432167584
-0.626512028,0.628110735,-0.213713155,-0.444566658,-0.326760856
-1.572343089,0.172823368,-0.245324229,-0.444566658,-0.938119877
0.74777242,-0.800934102,2.05400318,-0.444566658,0.411086238
2.607098438,-2.490143149,2.994611785,-0.415884938,1.307043425
-0.440579426,-0.455287367,-0.153835251,-0.423055368,0.042162691
-1.063049441,0.312197051,-0.245324229,-0.444566658,-0.021081346
0.028294092,-0.371663157,0.852224998,-0.444566658,0.83271315
1.725939586,-2.092463571,2.337467722,-0.444566658,1.243799388
0.004042013,-0.637402313,-0.172228597,-0.444566658,0.221354128
-0.416327347,-0.897566523,-0.245324229,-0.444566658,-0.495411621
0.480999557,-1.321262521,1.26500033,-0.10755645,-0.115947401
1.677435429,-2.062730519,1.194611944,1.713732764,0.801091131
-0.351655138,-0.587227787,-0.152083504,0.946496756,-0.906497859
-0.586091897,0.211847999,-0.245324229,-0.286817199,-1.275421406
0.594175923,-0.574219577,1.304255392,-0.157749459,-0.073784709
2.025048554,-1.787699783,1.600061789,1.039712346,0.874875841
-0.173806563,-0.092915789,-0.206945041,1.183120946,-0.105406728
-0.32740306,0.695010103,-0.245324229,0.408714508,-1.191096024
0.133386432,0.464578946,0.490807707,0.157749459,-0.442708257
1.750191665,-1.059239996,1.650464332,-0.164919889,1.21217737
-0.109134353,-0.016724842,-0.169600976,-0.243794619,0.252976147
-0.788192551,0.520328419,-0.245324229,-0.401544079,-0.305679511
0.044462144,-0.570502945,1.342953079,-0.358521499,-0.137028746
2.283737392,-2.488284833,2.33858247,-0.09321559,0.748387767
0.060630196,0.016724842,-0.22884188,0.150579029,0.252976147
-0.715436316,0.380954735,-0.245324229,-0.250965049,-0.115947401
-0.101050327,0.087340842,0.566610584,-0.372862359,0.769469113
1.459166723,-1.581426731,1.616623762,-0.12189731,0.843253822
-0.618428002,-0.232289473,-0.217375899,0.358521499,0.179191437
-1.321738278,-0.27317242,-0.245324229,0.07887473,0.895957186
0.149554484,-1.534968836,1.771175637,-0.351351069,0.801091131
1.71785556,-2.231837255,1.615429389,0.430225798,0.959201223
0.004042013,-0.916149681,-0.211085534,0.229453759,0.305679511
-0.763940473,0.302905473,-0.245324229,-0.365691929,-0.83271315
0.472915531,-0.730318103,1.148668394,-0.08604516,-0.126488073
2.348409601,-2.454835149,2.06037317,0.939326327,0.75892844
-0.64268008,0.198839789,-0.207741289,0.207942469,-0.906497859
-1.936124267,0.354938314,-0.245324229,-0.372862359,-1.686507645
0.351655138,-1.131714312,1.782800869,-0.387203219,-1.338665443
2.784947014,-2.980738515,1.989984784,1.333699975,-0.18973211
0.092966301,-0.288038946,-0.21626115,2.258685442,-2.055431192
-0.885200865,-0.005574947,-0.245324229,0.03585215,-2.287325993
0.53758774,-1.061098312,1.552047992,-0.415884938,-2.044890519
2.671770648,-2.867381253,1.201380058,0.02151129,-1.391368807
0.165722536,0.455287367,-0.235689619,0.473248378,-1.812995718
-0.22231072,0.479445472,-0.245324229,0.207942469,-1.760292354
0.489083583,-0.590944419,1.010837741,-0.344180639,-1.486234862
2.615182464,-3.008613252,1.708112739,-0.394373649,-0.895957186
0.068714222,-0.808367365,-0.227090133,-0.387203219,-1.043526605
-1.750191665,-0.08362421,-0.245324229,-0.423055368,-1.623263608
0.480999557,-2.252278729,1.707157241,-0.150579029,-1.865699082
3.48825729,-4.708972193,2.399893621,1.068394066,-0.716765749
-0.012126039,-1.588859994,-0.164345734,0.666849988,-1.907861773
-2.469669993,-0.557494735,-0.245324229,-0.207942469,-2.108134556
0.295066955,-3.289218935,1.984092543,-0.401544079,-2.055431192
3.609517683,-4.575173457,2.47784637,-0.00717043,-1.486234862
0.133386432,-1.527535573,-0.163469861,0.867622027,-1.686507645
-1.40257854,-1.458777889,-0.245324229,2.65305909,-1.844617736
-0.084882275,-3.515933461,0.713199972,-0.02868172,-1.749751681
2.154392973,-5.502473032,1.805255082,-0.401544079,-1.159474006
0.109134353,-1.839732625,-0.227488257,-0.437396228,-2.013268501
-0.877116839,-2.32661136,-0.245324229,-0.444566658,-1.886780427
0.836696708,-3.595841039,1.846978515,-0.236624189,-1.728670336
2.849619223,-3.304085462,2.110377589,2.545502641,-0.990823241
-0.036378118,-0.877125049,-0.242776233,3.405954237,-1.654885626
-0.569923845,0.657843787,-0.245244604,1.054053206,-1.697048317
0.53758774,-0.838100418,1.584773814,0.02868172,-0.843253822
2.801115066,-2.228120623,2.697292516,3.821839176,-0.094866055
0.489083583,0.377238104,-0.238556114,7.672360072,-1.307043425
-0.424411374,0.200698105,-0.245324229,7.414224592,-2.097593883
-0.561839818,0.198839789,0.09921259,2.022061252,-2.065971865
0.303150981,0.092915789,0.841157141,1.885823083,-0.959201223
-0.15763851,0.689435155,-0.221596017,0.724213427,-1.338665443
-1.281318147,0.754476208,-0.245324229,-0.03585215,-1.338665443
0.319319034,-0.328921894,0.973334427,-0.351351069,-0.822172477
1.831031926,-1.339845679,1.762496526,0.143408599,0.031622018
-0.076798249,0.354938314,-0.220640518,0.674020417,-1.180555351
-0.165722536,0.501745261,-0.245324229,0.11472688,-0.147569419
0.359739164,0.11893221,0.735893061,1.183120946,-0.421626911
1.628931272,-0.92544126,2.282446936,2.115276842,1.307043425
0.036378118,0.063182737,-0.179394835,0.831769877,-0.263516819
-0.270814877,0.284322315,-0.245244604,-0.380032789,0.031622018
0.15763851,0.499886946,0.635963847,-0.179260749,0.822172477
1.014545284,-0.919866312,1.576253952,0.408714508,1.359746789
-0.295066955,-0.505461893,-0.200256551,0.293987629,0.242435474
-0.974125153,-0.425554314,-0.245324229,-0.430225798,-0.390004893
0.036378118,-0.302905473,0.719888462,-0.415884938,-0.274057492
1.426830618,-1.075964838,1.919676022,-0.11472688,0.83271315
-0.311235007,0.453429051,-0.219286896,-0.315498919,0.094866055
-0.578007871,0.236006104,-0.245324229,-0.408714508,-0.147569419
-0.084882275,0.663418734,0.325187974,-0.315498919,0.179191437
0.941789048,-0.169106736,1.080191004,0.10755645,0.632440367
-0.214226693,0.057607789,-0.192612564,0.200772039,-0.242435474
-0.383991243,0.689435155,-0.245324229,0.301158059,-0.368923547
0.15763851,0.455287367,0.397248483,-0.337010209,0.052703364
1.709771534,-1.066673259,1.217862407,-0.444566658,0.64298104
-0.012126039,0.057607789,-0.216340775,-0.444566658,0.126488073
-0.440579426,0.250872631,-0.245324229,-0.444566658,-0.769469113
0.392075269,-0.139373684,0.45489689,-0.408714508,-0.200272783
1.952292319,-0.923582944,1.45426865,-0.329839779,0.537574312
0.165722536,0.587227787,-0.211483658,-0.394373649,0.274057492
0.020210065,0.691293471,-0.245324229,-0.365691929,-1.254340061
0.456747478,0.406971156,0.329248843,-0.315498919,-0.495411621
1.410662566,-0.289897262,1.186569832,-0.08604516,0.94866055
0.311235007,0.583511156,-0.212200282,-0.315498919,0.137028746
-0.32740306,0.769342734,-0.245244604,-0.329839779,0.105406728
0.270814877,0.089199158,0.097699717,0.05019301,0.158110092
2.469669993,-2.057155571,0.811377439,2.502480061,1.70758899
0.15763851,-0.226714525,-0.223427389,1.742414484,-0.611359021
-0.351655138,0.453429051,-0.245324229,-0.243794619,-1.855158409
-0.068714222,0.464578946,0.227249383,-0.10038602,-1.581100917
0.650764106,-0.263880841,0.574652696,0.846110737,-1.191096024
-0.335487086,0.65226884,-0.229080755,1.290677395,-1.21217737
-0.723520342,0.706159997,-0.245324229,0.136238169,-1.644344954
0.53758774,-0.16724842,1.075413512,-0.394373649,-1.59164159
2.138224921,-0.990482312,1.346297324,-0.207942469,1.043526605
0.246562798,0.568644629,-0.22573651,-0.337010209,-1.02244526
-1.143889702,0.403254525,-0.245324229,-0.401544079,-1.992187155
0.618428002,-0.800934102,1.415093213,-0.430225798,-1.802455045
3.019383773,-2.302453255,1.971830313,-0.308328489,1.538938226
-0.109134353,0.35679663,-0.214907528,-0.215112899,0
-1.329822304,-0.412546104,-0.245324229,-0.215112899,-1.865699082
0.270814877,-1.137289259,1.331407473,-0.344180639,-1.728670336
3.375080924,-3.638582302,3.073997782,-0.02151129,0.969741896
-0.553755792,0.196981473,-0.197230806,0.05019301,-0.716765749
-2.089720764,0.195123157,-0.245324229,-0.179260749,-1.939483791
0.594175923,-1.52010231,1.838777153,-0.322669349,-1.338665443
3.019383773,-3.012329884,2.487560605,0.03585215,0.031622018
0.586091897,0.397679577,-0.228921505,0,-1.02244526
0.036378118,0.763767787,-0.245324229,-0.279646769,-1.760292354
0.456747478,0.206273052,0.626886612,-0.215112899,-1.728670336
1.903788162,-1.200471996,0.811138564,0.09321559,-1.960565137
0.634596054,0.382813051,-0.225258761,0.258135479,-1.486234862
-0.020210065,0.724743155,-0.245324229,0.487589238,-2.08705321
0.505251635,0.059466105,0.394143113,0.301158059,-1.718129663
1.903788162,-1.254363153,0.760178646,2.323219311,-0.874875841
0.375907217,0.447854104,-0.22589576,2.093765552,-0.495411621
-0.602259949,0.769342734,-0.245324229,0.451737088,-1.096229969
0.521419688,-0.050174526,0.585402054,-0.258135479,-0.537574312
2.033132581,-1.358428837,1.281960428,0.351351069,0.063244037
0.392075269,0.477587156,-0.208856037,0.200772039,-1.675966972
-0.15763851,0.769342734,-0.245324229,-0.329839779,-1.612722935
0.448663452,0.035308,0.89100231,-0.358521499,-0.305679511
2.170561025,-1.875040625,1.411191594,0.143408599,0.316220183
0.26273085,-0.078049263,-0.200097302,-0.157749459,0.326760856
-0.133386432,-0.297330525,-0.245324229,-0.394373649,-0.147569419
0.569923845,-1.230205048,0.931690619,-0.05736344,0.505952293
2.025048554,-1.966098098,1.536282267,1.154439226,0.45324893
0.076798249,-0.206273052,-0.226134635,2.079424692,-0.463789602
-0.521419688,0.26016421,-0.245324229,0.172090319,-0.811631804
0.869032813,-0.676426945,1.247642109,-0.11472688,-0.548114985
2.962795589,-3.101529041,1.91473928,0.02151129,0.56919633
0.456747478,0.169106736,-0.212439157,0.0717043,-0.495411621
-0.569923845,0.62996905,-0.245324229,-0.408714508,-1.21217737
1.063049441,-0.682001892,1.561364101,-0.380032789,-1.275421406
2.016964528,-0.951457681,0.345890441,1.434085995,-1.180555351
0.755856446,0.258305894,-0.176607965,1.842800503,-1.644344954
0.505251635,0.674568629,-0.245244604,0.136238169,-2.224081956
0.901368917,0.22485621,0.726338076,-0.315498919,-0.252976147
2.542426229,-1.202330311,2.183393596,1.986209103,1.001363914
0.464831504,0.107782315,-0.172626721,2.151128992,-0.210813456
0.076798249,0.598377682,-0.245244604,0.04302258,-0.105406728
0.941789048,-0.826950523,0.936786611,-0.293987629,0.231894801
2.008880502,-0.951457681,2.425293955,0.229453759,1.739211009
0.739688394,0.232289473,-0.17342297,0.243794619,0.200272783
0.424411374,0.524045051,-0.245324229,-0.179260749,0.105406728
0.804360603,0.412546104,0.465168498,1.900163943,0.990823241
1.095385545,0.196981473,1.022542597,4.696631633,2.234622629
0.198058641,0.650410524,-0.205272918,4.653609053,0.959201223
-0.214226693,0.73589305,-0.245244604,2.64588866,0.45324893
0.173806563,0.193264841,0.502990312,1.197461806,0.337301529
0.974125153,0.226714525,2.405945111,0.07887473,1.096229969
-1.677435429,-0.105924,-0.215544527,-0.322669349,0.895957186
-2.784947014,-1.750533467,-0.245324229,-0.380032789,0.158110092
0.084882275,-3.476908829,1.746093803,-0.437396228,0.484870948
2.809199092,-3.681323565,3.830354434,-0.423055368,1.054067278
-0.844780734,-0.722884839,-0.152163129,-0.394373649,0.632440367
-2.049300633,-0.990482312,-0.245324229,-0.423055368,0.18973211
0.092966301,-2.133346518,1.505785941,-0.430225798,0.263516819
2.20289713,-2.330327991,2.673405054,-0.329839779,1.359746789
0.101050327,-0.215564631,-0.193568062,-0.01434086,0.168650764
-0.53758774,0.314055367,-0.245324229,-0.286817199,-1.528397553
0.173806563,0.117073894,0.427505934,-0.408714508,0.105406728
1.685519455,-1.354712206,1.642024096,-0.301158059,1.096229969
-0.084882275,-0.431129262,-0.197867805,-0.229453759,-0.147569419
-1.224729964,0.148665263,-0.245324229,-0.286817199,-0.105406728
0.26273085,-0.975615786,1.587719934,-0.444566658,1.032985932
2.744526883,-2.527309464,3.165884883,-0.351351069,1.40190948
0.22231072,-0.146806947,-0.147783761,-0.344180639,0.600818348
-1.750191665,0.340071788,-0.245324229,-0.12189731,-0.727306422
-0.044462144,-0.492453682,1.399407113,-0.243794619,0.295138838
1.968460371,-1.369578732,1.859559245,0.874792457,1.170014678
0.117218379,0.165390105,-0.202406423,1.011030626,0.505952293
-0.416327347,0.691293471,-0.245324229,-0.286817199,-0.527033639
0.351655138,0.49802863,0.676015157,0.186431179,0.442708257
2.065468685,-1.549835363,1.814173068,1.742414484,0.874875841
0.505251635,0.384671367,-0.210050411,1.211802666,0.790550458
-0.068714222,0.758192839,-0.245324229,0.666849988,-0.042162691
0.295066955,0.249014315,0.651809197,-0.207942469,0.442708257
2.259485313,-2.131488203,3.01921587,0.516270958,1.59164159
0.230394746,-0.295472209,-0.186561073,-0.0717043,0.516492966
-0.198058641,0.765626102,-0.245164979,-0.157749459,0.368923547
0.198058641,0.115215579,0.646155831,-0.387203219,1.560019571
1.475334775,-0.96074926,2.137051921,-0.215112899,1.918402446
0.004042013,0.249014315,-0.156542497,0.473248378,0.906497859
-1.095385545,0.243439368,-0.245324229,-0.243794619,0.347842202
-0.359739164,-1.17631389,1.399168239,-0.423055368,0.885416513
1.216645938,-1.845307572,2.584862197,-0.265305909,1.623263608
-1.23281399,-0.737751366,-0.137671402,-0.279646769,0.221354128
-1.620847246,-0.128223789,-0.245324229,-0.344180639,-0.052703364
0.359739164,-1.035081891,1.087277618,-0.423055368,0.084325382
2.073552711,-2.070163782,2.970485449,-0.337010209,1.59164159
-0.990293205,-2.363777676,-0.137273278,-0.344180639,0.337301529
-2.259485313,-2.190954308,-0.245324229,-0.444566658,-0.558655657
0.311235007,-1.809999572,1.139113409,-0.344180639,-0.527033639
3.164896244,-2.930563989,3.528974296,3.133477898,1.665426299
0.26273085,-0.721026524,-0.158931243,2.258685442,-0.105406728
-0.448663452,0.269455788,-0.245324229,0.215112899,-0.980282568
0.707352289,-0.752617892,0.924205881,0.301158059,-0.927579205
2.316073496,-1.596293257,2.387790641,3.276886498,0.600818348
0.214226693,-0.08362421,-0.196354933,4.201871964,-0.242435474
-0.860948787,0.668993682,-0.245244604,1.842800503,-1.665426299
-0.383991243,0.436704209,0.116411562,1.340870405,-1.127851987
1.151973729,-1.129855996,1.702379749,3.355761228,-0.242435474
-0.189974615,-0.143090315,-0.13615853,1.247654815,-0.115947401
-0.780108525,0.390246314,-0.245324229,-0.186431179,0.548114985
-0.141470458,0.386529683,0.316508863,-0.344180639,0.442708257
1.725939586,-1.488510942,2.287861427,0.10038602,0.980282568
0.084882275,-0.085482526,-0.118959558,0.07887473,0.316220183
-1.046881388,0.535194945,-0.245324229,-0.351351069,-0.938119877
0.020210065,0.209989683,0.504582809,-0.308328489,-0.37946422
1.701687508,-1.62602631,1.513270679,0.02868172,0.358382874
-0.076798249,-0.115215579,-0.128992292,0.423055368,-0.347842202
-0.181890589,0.715451576,-0.245324229,0.172090319,-1.760292354
0.626512028,0.256447578,0.746801668,2.065083832,-0.558655657
1.855284005,-0.457145683,2.697770265,3.599555847,1.40190948
0.109134353,0.340071788,-0.218411022,0.451737088,0.021081346
-0.521419688,0.769342734,-0.245324229,-0.11472688,-0.64298104
0.206142667,0.670851998,0.78247361,-0.358521499,0.210813456
1.620847246,-0.680143576,2.432619443,-0.293987629,1.950024464
-0.206142667,0.100349052,-0.188153571,-0.430225798,0.358382874
-0.529503714,0.576077893,-0.245324229,-0.408714508,-0.094866055
0.109134353,0.540769893,0.62784211,0.03585215,0.83271315
0.456747478,-0.105924,1.777943751,-0.06453387,1.51785688
-0.788192551,-0.070616,-0.203043422,-0.293987629,-0.284598165
-0.513335661,-0.022299789,-0.245324229,-0.351351069,-0.442708257
0.004042013,0.076190947,0.724188205,-0.437396228,1.359746789
1.40257854,-1.154014101,2.70406063,-0.444566658,2.108134556
0.117218379,-0.170965052,-0.193886562,-0.444566658,0.179191437
-0.238478772,0.442279156,-0.245324229,-0.444566658,-0.548114985
0.036378118,0.332638525,0.492081705,-0.423055368,-0.516492966
2.008880502,-1.665050941,2.425851329,-0.236624189,0.885416513
0.723520342,-0.347505051,-0.189666443,0,0.484870948
-0.270814877,0.767484418,-0.245085354,-0.380032789,0.537574312
0.408243321,-0.708018313,0.856126616,0.172090319,-0.263516819
1.645099325,-0.765626102,1.328461353,1.591835454,1.296502752
0.198058641,0.574219577,-0.18242058,0.509100528,0.168650764
-0.424411374,0.769342734,-0.245324229,-0.12906774,-0.442708257
0.206142667,0.354938314,0.569954829,0.05736344,-0.137028746
1.038797362,-0.159815157,1.696567133,0.552123108,2.519220794
-0.149554484,0.217422947,-0.195638309,-0.05736344,0.537574312
-0.456747478,0.453429051,-0.245324229,-0.351351069,0.115947401
0.303150981,-0.468295577,0.936786611,-0.258135479,0.632440367
2.267569339,-1.692925678,3.263982725,-0.11472688,1.560019571
0.028294092,0.111498947,-0.200973175,-0.01434086,1.275421406
-0.440579426,0.644835577,-0.245085354,0.09321559,0.927579205
0.335487086,0.367946525,0.466362871,0.889133317,0.094866055
1.637015298,-0.451570735,1.56853034,0.602316118,0.769469113
0.189974615,0.747042945,-0.208139414,-0.08604516,0.558655657
-0.101050327,0.769342734,-0.245324229,-0.365691929,0.337301529
0.521419688,0.535194945,0.707944731,-0.401544079,0.358382874
2.259485313,-1.339845679,3.376731542,-0.322669349,2.508680121
0.26273085,0.304763788,-0.102954959,-0.243794619,0.411086238
-0.109134353,0.769342734,-0.245164979,-0.365691929,0.18973211
0.117218379,0.566786314,0.386101001,-0.315498919,0.147569419
1.596595168,-0.650410524,1.465097632,0.265305909,1.170014678
0.375907217,0.41440442,-0.178280087,-0.222283329,0.727306422
0.092966301,0.304763788,-0.245324229,-0.401544079,0.242435474
0.578007871,-0.18954821,0.719331087,-0.358521499,0.621899694
2.20289713,-1.523818942,3.431911578,-0.00717043,2.023809174
0.4324954,0.345646736,-0.134884532,-0.250965049,0.337301529
0.028294092,0.53333663,-0.245324229,-0.301158059,0.337301529
0.295066955,0.256447578,0.408555215,-0.344180639,0.537574312
2.113972842,-1.977247993,2.813226328,-0.243794619,1.844617736
0.885200865,-0.003716632,-0.122701927,0,0.347842202
0.295066955,0.769342734,-0.245085354,-0.265305909,0.695684403
0.489083583,0.30848042,0.627125486,0.05019301,1.180555351
2.421165836,-1.412319995,3.245509755,1.140098366,1.812995718
0.05254617,0.301047157,-0.0925241,-0.222283329,0.843253822
