Temperatura ,Humedad,Radiacion,Precipitacion
-0.42410045,0.49246125,-0.249952711,-0.272476339
0.377623689,-0.415212427,1.175442438,-0.365691929
1.609257874,-1.857190466,1.341928877,-0.164919889
0.081334333,-0.419074868,-0.207037396,-0.164919889
-0.406671665,0.876130407,-0.249952711,-0.250965049
-0.360194903,-0.175741074,0.860135324,-0.344180639
0.766866568,-1.392410045,0.820431966,-0.279646769
0,-0.305776593,-0.171527427,-0.286817199
-0.662293854,0.23110273,-0.249952711,-0.337010209
-0.081334333,-0.528510701,0.775999894,-0.150579029
1.423350827,-1.619006594,1.666871862,-0.02151129
-0.029047976,-0.03283075,-0.221312761,0.143408599
-0.854010496,0.810468907,-0.249952711,-0.179260749
-0.406671665,0.471861564,0.447220405,0.03585215
0.95858321,-1.168388456,1.618781728,0.293987629
-0.470577212,0.547822907,-0.221669645,0.02868172
-1.249062971,0.846518358,-0.249952711,-0.150579029
-0.795914544,0.166728711,0.330430079,-0.329839779
0.888868067,-1.264949486,1.681682553,-0.222283329
-0.319527737,-0.056005397,-0.153147895,-0.250965049
-0.685532235,0.353413368,-0.249952711,-0.387203219
-0.168478261,-0.16286627,0.687938739,-0.365691929
1.481446779,-1.697542898,1.88100233,-0.172090319
0.063905547,-0.357275809,-0.168672354,-0.351351069
-0.627436283,-0.050855476,-0.249952711,-0.401544079
-0.447338831,-0.592884721,0.220866656,-0.437396228
1.539542731,-1.791528966,2.324787726,-0.401544079
0.098763119,0.043130593,-0.16742326,-0.401544079
-0.94696402,1.190275623,-0.249952711,-0.430225798
0.447338831,-0.39203778,1.573189783,0.717042997
2.399362823,-2.560154761,3.010718992,1.785437063
0.517053974,-0.900592535,-0.181163298,0.580804828
-0.55772114,1.051227741,-0.249952711,-0.09321559
0.087143928,0.406200064,0.803123087,0.08604516
1.23744378,-1.167100976,1.897597442,0.752895147
-0.185907047,0.59159724,-0.187141107,-0.05019301
-0.40086207,0.610909446,-0.249952711,-0.143408599
0.098763119,0.107504613,1.040451022,-0.301158059
1.190967018,-0.909604897,2.174361072,-0.258135479
-0.01161919,0.107504613,-0.194011126,-0.344180639
-0.27886057,-0.001931221,-0.249952711,-0.337010209
0.244002999,-0.424224789,0.392706356,0.01434086
1.196776614,-1.187700662,1.387610044,0.09321559
0.406671665,-0.596747162,-0.165549618,-0.322669349
-0.429910046,-0.083042485,-0.249952711,-0.401544079
0.162668666,-0.563272672,0.769486759,-0.394373649
1.312968518,-1.423309574,0.703998524,0
-0.029047976,-0.618634329,-0.176523805,0.337010209
-0.528673164,0.869693005,-0.249952711,-0.00717043
0.168478261,0.325088799,0.761902972,0.752895147
1.138680662,-1.252074682,0.483711805,0.810258587
-0.395052474,-0.274877064,-0.16662027,0
-1.411731637,0.515635897,-0.249952711,-0.430225798
-0.005809595,-0.147416505,1.56168027,-0.215112899
2.451649179,-2.75327682,1.897151337,1.240484385
0.732008997,-0.716482839,-0.158322715,1.369552125
-1.295539732,0.619921809,-0.249952711,0.286817199
-0.395052474,-0.083042485,0.64805694,-0.408714508
2.294790109,-2.370895143,2.014744652,-0.236624189
0.058095952,-0.697170633,-0.181520182,-0.143408599
-1.353635684,0.334101162,-0.249952711,-0.143408599
0.249812594,-0.354700848,1.015201471,0.523441388
2.60850825,-2.674740516,2.294363355,2.387753181
-0.01161919,0.13196674,-0.231216295,0.473248378
-0.67972264,0.994578603,-0.249952711,-0.10755645
0.191716642,0.16415375,1.298299794,-0.279646769
1.586019493,-1.264949486,2.133230178,2.63871823
-0.203335832,0.68815827,-0.216673267,4.481518733
-0.894677663,0.489886289,-0.249952711,1.498619864
-0.313718141,0.452549358,0.440439607,0.344180639
0.348575713,0.238827613,0.867986774,0.767236007
-0.493815593,0.999728525,-0.193832684,0.968008046
-0.836581711,0.925054662,-0.249952711,0.501930098
0.034857571,0.192478319,0.725679234,-0.11472688
1.312968518,-0.867118044,1.352992285,1.426915565
-0.127811095,0.607047005,-0.233714484,1.828459643
-0.453148427,1.133626486,-0.249952711,1.914504803
-0.063905547,0.666271103,0.69150758,1.197461806
1.23744378,-0.847805839,1.480399913,1.591835454
0.191716642,0.362425731,-0.191245274,0.860451597
-0.325337332,0.954666711,-0.249952711,0.200772039
-0.092953523,0.729357642,0.5613341,0.02151129
1.0922039,-0.822056231,1.089344146,1.771096203
0.197526237,0.104929652,-0.196598536,2.251515012
-0.830772115,1.04865278,-0.249952711,4.495859593
-0.493815593,0.522073299,0.722824161,0.709872567
0.610007497,-0.540098025,0.864417933,-0.11472688
0.110382309,0.183465956,-0.176434584,-0.222283329
-0.976011996,0.873555446,-0.249952711,-0.358521499
-0.650674664,0.823343711,0.081681851,-0.09321559
0.296289356,0.178316034,1.152334192,2.086595122
0.098763119,0.518210858,-0.14922217,2.079424692
-0.482196403,1.191563103,-0.249952711,-0.12906774
-0.197526237,0.903167495,0.524128931,-0.415884938
1.109632685,-0.68944575,1.990208869,0.229453759
-0.261431785,0.708757956,-0.201059587,0.616656978
-1.063155924,0.873555446,-0.249952711,-0.150579029
-0.273050975,0.372725574,0.31838524,-0.222283329
1.144490257,-0.934067025,0.738527062,0.236624189
-0.313718141,0.249127456,-0.20908948,0.06453387
-0.807533734,0.863255603,-0.249952711,-0.351351069
-0.447338831,0.173166113,0.631194165,-0.329839779
1.731259373,-1.355073113,2.068634153,0.932155897
0.395052474,-0.259427299,-0.157341284,0.838940307
-0.801724139,0.477011485,-0.249952711,-0.164919889
-0.156859071,0.210503044,0.799286583,-0.10038602
1.713830588,-1.262374525,2.284549042,2.344730601
-0.14523988,0.800169064,-0.212658321,2.81080855
-0.511244379,1.199287986,-0.249952711,0.200772039
0.249812594,0.117804456,1.051335988,-0.05736344
1.568590707,-1.201862947,1.600223754,0.537782248
0.168478261,-0.16415375,-0.172954963,0.623827408
-0.586769116,0.737082525,-0.249952711,0.236624189
-0.302098951,0.618634329,0.746289292,0.394373649
0.993440781,-0.643096456,1.061864069,1.333699975
0.255622189,-0.017380985,-0.186159676,0.580804828
-0.592578712,1.003590966,-0.249952711,0.315498919
0.029047976,0.323801319,0.571505297,0.02151129
1.074775114,-0.365000691,1.521352365,1.032541916
0.371814094,0.022530907,-0.146813202,0.745724717
-0.389242879,1.088564672,-0.249952711,0.03585215
0.151049476,0.36113825,1.117181107,0.04302258
1.556971517,-1.473521309,2.539096636,0.552123108
0.26724138,-0.019955946,-0.169029238,0.11472688
-0.499625188,0.944366868,-0.249952711,0.12906774
-0.040667166,0.547822907,0.514849944,0.08604516
1.312968518,-1.237912398,2.22628771,1.498619864
-0.029047976,-0.439674554,-0.108626602,0.293987629
-1.161919042,0.793731662,-0.249952711,0.781576867
-0.151049476,0.215652966,0.927764863,0.322669349
0.987631186,-1.27782429,1.321586483,0.910644607
0.162668666,-0.833643554,-0.162872987,0.702702137
-0.551911545,0.46027424,-0.249952711,0.394373649
0.14523988,-0.168016191,0.535103118,0.172090319
1.603448279,-1.57523226,2.147148658,0.200772039
0.174287856,-0.200203201,-0.167958586,-0.02151129
-0.830772115,1.248212241,-0.249952711,-0.05019301
-0.191716642,0.42679975,0.844253981,0.265305909
1.835832087,-1.501845878,2.286868789,0.0717043
0.429910046,-0.388175338,-0.17179509,0.02151129
-0.185907047,0.29418927,-0.249952711,-0.08604516
0.360194903,-0.269727142,0.979602281,-0.215112899
1.969452777,-1.928001888,1.759929395,0.179260749
-0.354385308,-0.140979103,-0.20819727,0.415884938
-1.080584709,0.515635897,-0.249952711,-0.136238169
-0.058095952,-0.417787387,1.222194257,0.265305909
2.347076466,-2.358020339,2.659991129,2.67457038
0.052286357,-0.299339191,-0.100953594,3.563703697
-0.493815593,0.433237152,-0.249952711,0.523441388
0.023238381,0.466711642,0.602643436,-0.172090319
1.289730137,-0.945654348,1.494407615,1.498619864
0.296289356,-0.200203201,-0.125310934,2.394923611
-0.476386807,0.739657486,-0.249952711,1.814118783
-0.197526237,0.586447319,0.479429196,0.630997838
1.574400302,-1.330610986,2.594235231,2.394923611
0.092953523,0.580009917,-0.161088567,5.980138598
-0.865629687,0.842655917,-0.249952711,1.943186523
-0.034857571,0.068880201,0.744326429,0
2.103073467,-1.725867466,2.58888197,2.136788132
0.232383808,-0.563272672,-0.178040562,1.520131154
-0.69134183,0.646958897,-0.249952711,0.552123108
0.01161919,-0.084329966,0.826677438,-0.04302258
2.347076466,-1.886802515,2.568361133,-0.06453387
0.755247378,-0.092054848,-0.18223395,-0.01434086
-0.162668666,0.515635897,-0.249952711,-0.200772039
0.069715143,0.435812113,0.523236721,-0.387203219
1.841641682,-1.712992662,1.694976486,-0.265305909
0.55772114,-0.319938878,-0.134322258,-0.229453759
-0.302098951,0.536235584,-0.249952711,-0.229453759
-0.069715143,0.45769928,0.80597816,-0.243794619
2.103073467,-1.624156515,2.352981571,0
0.610007497,-0.242690054,-0.159036483,0.286817199
-0.255622189,0.761544652,-0.249952711,-0.08604516
0.058095952,0.374013054,0.715597258,1.993379533
2.108883062,-1.845603143,2.337457112,0.996689766
0.766866568,-0.45769928,-0.189728517,0.164919889
0.220764618,0.247839976,-0.249952711,1.685051044
0.453148427,-0.116516976,0.605052404,1.591835454
1.800974516,-1.616431633,1.533486425,0.960837616
0.180097452,-0.094629809,-0.193565021,1.398233845
-0.41248126,0.833643554,-0.249952711,-0.143408599
-0.058095952,0.46027424,0.679819626,-0.215112899
0.883058472,-0.448686917,0.934456441,0.186431179
-0.348575713,0.080467525,-0.182680056,0.401544079
-0.952773615,0.834931035,-0.249952711,-0.380032789
-0.005809595,0.291614309,1.386807054,-0.430225798
2.19602699,-2.094086859,3.538015269,-0.444566658
-0.017428786,-0.582584878,-0.158055052,-0.444566658
-1.510494755,0.643096456,-0.249952711,-0.444566658
-0.209145428,0.030255789,1.42543976,-0.444566658
2.556221893,-2.811213437,2.746089422,-0.387203219
0.476386807,-1.648618643,-0.130842638,-0.358521499
-1.35944528,-0.170591152,-0.249952711,-0.408714508
-0.302098951,-0.716482839,1.650722856,-0.04302258
3.253373319,-2.663153192,3.752056516,0.530611818
0.55772114,0.443536995,-0.231573179,0.207942469
-0.261431785,1.011315848,-0.249952711,0.523441388
0.488005998,-0.285176907,1.702024948,0.10038602
2.573650679,-2.29364632,3.000904679,0.286817199
0.766866568,-1.290699094,-0.095778774,0.838940307
-0.714580211,-1.096289554,-0.249952711,-0.164919889
0.110382309,-1.499270917,1.67624007,-0.394373649
2.922226392,-3.749786644,3.957175661,-0.272476339
-0.040667166,-1.682093133,-0.181074077,-0.394373649
-2.079835086,-0.519498338,-0.249952711,-0.444566658
-0.697151425,-1.707842741,1.663481463,-0.250965049
3.247563724,-3.282431261,4.245359582,0.337010209
0.81334333,-0.604472044,-0.150649706,0.444566658
-0.127811095,0.784719299,-0.249952711,-0.344180639
0.203335832,0.216940446,1.042949211,-0.337010209
2.747938535,-2.638691065,3.680412031,-0.11472688
0.226574213,-0.168016191,-0.165371176,-0.164919889
-0.639055473,0.627646691,-0.249952711,-0.380032789
0.232383808,-0.120379417,1.609056636,-0.293987629
2.312218894,-2.153310957,2.855920507,2.158299422
0.325337332,-0.259427299,-0.160017914,1.606176314
-0.406671665,0.855530721,-0.249952711,-0.229453759
-0.395052474,-0.107504613,0.685172887,1.484279004
2.108883062,-1.994950868,2.325412273,2.968558009
0.354385308,-0.180890995,-0.222472634,0.881962887
-0.54610195,1.089852152,-0.249952711,-0.11472688
-0.220764618,0.401050142,0.773323263,-0.286817199
2.004310348,-1.67050581,1.845224698,0.10755645
0.185907047,0.269727142,-0.204806871,0.745724717
-0.395052474,0.834931035,-0.249952711,0.451737088
0.273050975,0.220802887,1.111114077,-0.293987629
2.254122942,-2.042587643,2.343702584,-0.229453759
0.307908546,-0.146129025,-0.139140194,-0.03585215
-0.772676163,0.601897084,-0.249952711,-0.03585215
0.127811095,0.219515407,1.167144883,-0.05019301
1.92878561,-1.889377476,2.054358789,0.573634398
0.540292355,-0.734507564,-0.140656951,0.724213427
-0.464767617,0.26200226,-0.249952711,0.437396228
-0.383433284,0.697170633,0.303842212,0.12189731
1.051536733,-1.119464201,0.880566939,0.372862359
0.162668666,-0.336676123,-0.179021993,0.580804828
-0.482196403,0.604472044,-0.249952711,-0.265305909
0.354385308,-0.22981525,0.975408893,-0.272476339
2.0624063,-1.947314094,1.587375926,0.315498919
0.53448276,0.062442799,-0.22033133,0.215112899
-0.662293854,0.948229309,-0.249952711,-0.250965049
-0.313718141,0.317363917,0.792327342,0.03585215
2.283170918,-2.088936937,2.534635584,3.133477898
-0.220764618,1.069252466,-0.228004338,5.49971979
-1.156109447,1.143926329,-0.249952711,1.928845663
-0.569340331,0.144841544,1.899024978,-0.229453759
2.05078711,-1.405284849,3.005276509,0.566463968
0.395052474,0.484736368,-0.169118459,1.555983304
-0.226574213,1.192850584,-0.249952711,0.903474177
0.069715143,0.65468378,0.569007108,-0.265305909
1.708020992,-1.165813496,2.308460277,0.07887473
0.702961021,-0.274877064,-0.106128413,-0.272476339
-0.122001499,0.608334486,-0.249952711,-0.401544079
0.052286357,0.527223221,0.590152492,-0.229453759
1.498875565,-1.11560176,1.986104702,0.480418808
0.790104949,-0.628934172,-0.146723981,0.401544079
-1.220014995,0.554260309,-0.249952711,-0.02151129
-0.052286357,0.009656103,1.080957369,-0.157749459
1.208395804,-0.639234015,1.07845918,0.573634398
0.40086207,0.366288172,-0.192315927,0.996689766
-0.116191904,1.110451839,-0.249952711,1.297847825
0.156859071,0.807893946,0.219706782,3.750134876
1.010869567,-0.465424162,0.904121291,0.580804828
0.354385308,-0.466711642,-0.165103513,0.308328489
-0.209145428,0.467999123,-0.249952711,-0.136238169
0.325337332,0.019955946,0.819718198,-0.12189731
1.208395804,-0.961104113,0.872893931,-0.07887473
0.174287856,-0.061155319,-0.166709491,-0.322669349
-0.284670165,0.592884721,-0.249952711,0
0.348575713,0.160291309,0.396988966,-0.157749459
1.551161922,-1.025478133,1.283132219,-0.11472688
0.627436283,-0.559410231,-0.209357143,-0.09321559
-0.493815593,1.004878446,-0.249952711,0.172090319
0.366004498,0.372725574,0.423487611,0.193601609
1.626686659,-1.038352937,1.131724134,0.01434086
0.563530736,-0.456411799,-0.19865062,0.164919889
-0.174287856,0.395900221,-0.249952711,1.477108575
0.336956522,-0.052142956,1.417499088,0.889133317
1.824212897,-1.284261692,2.255284544,0.846110737
0.644865069,-0.617346848,-0.169743006,0.301158059
-0.69134183,0.117804456,-0.249952711,0.12906774
-0.307908546,-0.062442799,1.421067929,0.580804828
1.208395804,-0.399762662,1.288485481,0.530611818
0.040667166,0.341826044,-0.203468555,-0.02868172
-0.249812594,0.742232446,-0.249952711,-0.236624189
0.058095952,0.733220084,0.542419242,-0.09321559
1.922976015,-1.261087045,2.260459364,0.186431179
0.621626688,-0.345688485,-0.167780144,0.301158059
-0.273050975,0.511773456,-0.249952711,-0.179260749
0.104572714,0.578722437,0.571416076,0.279646769
1.806784111,-1.031915535,1.648581552,3.606726277
0.697151425,-0.062442799,-0.152969453,3.126307468
-0.069715143,1.225037594,-0.249952711,0.623827408
0.290479761,0.554260309,0.630837281,1.025371486
0.929535234,-0.040555632,0.7365642,0.960837616
0.331146927,0.140979103,-0.201505693,0.250965049
-0.290479761,0.417787387,-0.249952711,0.243794619
0.273050975,0.276164544,0.873161594,-0.03585215
1.957833586,-1.316448702,2.215402745,0.724213427
0.476386807,0.26328974,-0.175631594,0.996689766
-0.395052474,1.151651211,-0.249952711,0.666849988
0.168478261,0.413924946,0.766007139,1.132927936
1.034107948,-0.077892564,1.564892227,3.599555847
0.354385308,0.716482839,-0.179735762,1.484279004
-0.273050975,1.056377662,-0.249952711,0.236624189
-0.040667166,0.879992848,0.174650163,0.365691929
-0.13362069,0.891580172,0.590509376,2.057913402
-0.185907047,1.070539947,-0.17090288,1.799777923
-0.389242879,1.236624917,-0.249952711,0.688361277
0.069715143,0.683008348,0.861384418,0.559293538
0.662293854,-0.133254221,0.901355439,2.287367162
0.127811095,0.467999123,-0.107466729,3.685601006
-0.348575713,1.164526015,-0.249952711,3.076114459
-0.482196403,0.782144339,0.224346276,0.473248378
0.034857571,0.601897084,0.838633056,0.501930098
-0.255622189,0.75253229,-0.170992101,0.322669349
-0.848200901,0.72034528,-0.249952711,0.05736344
0.040667166,-0.210503044,1.822294894,-0.236624189
2.161169419,-1.946026614,3.270262963,0.595145688
0.41248126,-0.994578603,-0.145653329,3.226693488
-0.53448276,0.206640603,-0.249952711,1.419745135
-0.151049476,-0.050855476,0.538225854,0.215112899
0.499625188,-0.057292877,1.041610896,0.10755645
-0.209145428,0.730645123,-0.149579054,0.717042997
-1.208395804,0.793731662,-0.249952711,-0.157749459
-0.528673164,-0.431949672,1.632075661,-0.401544079
1.161919042,-0.845230878,2.771249752,-0.10038602
-0.40086207,0.805318986,-0.224435497,-0.10038602
-0.69134183,0.986853721,-0.249952711,-0.301158059
-0.325337332,0.013518544,1.083366337,-0.322669349
1.963643182,-1.319023662,2.813005193,1.011030626
0.435719641,0.683008348,-0.177148352,2.222833292
-0.220764618,1.222462633,-0.249952711,1.362381695
0.174287856,0.684295829,0.831941479,0.451737088
1.615067469,-0.907029937,2.704690864,2.316048881
-0.273050975,0.971403956,-0.142976698,5.592935379
-0.586769116,1.124614123,-0.249952711,1.362381695
-0.104572714,0.268439662,0.822216387,-0.250965049
1.260682161,-0.972691437,0.864061049,1.283506965
0.122001499,0.791156701,-0.191334495,1.957527383
-0.377623689,1.17997578,-0.249952711,0.272476339
-0.087143928,0.59159724,0.547504841,-0.372862359
1.51630435,-1.1786883,2.282943063,-0.02868172
0.40086207,-0.250414936,-0.176256142,-0.00717043
-0.441529236,0.941791907,-0.249952711,-0.10755645
-0.046476762,0.519498338,0.64029471,0.12906774
1.522113946,-1.034490496,1.987086133,1.749584914
0.621626688,-0.094629809,-0.140210846,2.846660699
-0.371814094,1.035777976,-0.249952711,2.7032521
-0.429910046,0.804031505,0.320437323,1.197461806
0.82496252,-0.626359211,1.12092839,1.979038673
-0.098763119,0.561985191,-0.199810493,0.659679558
-0.94696402,0.783431819,-0.249952711,0.193601609
0.226574213,0.186040917,1.26064852,-0.308328489
1.754497754,-1.31129878,2.425964372,0.10755645
0.27886057,0.166728711,-0.168761575,0.10038602
-0.395052474,1.051227741,-0.249952711,-0.179260749
0.081334333,0.439674554,0.645915635,0.501930098
1.51630435,-0.828493633,1.908660849,1.118587076
0.040667166,0.283889427,-0.163051429,0.501930098
-0.772676163,1.020328211,-0.249952711,-0.00717043
-0.244002999,0.493748731,0.860135324,-0.12906774
1.080584709,-0.429374711,1.474422104,1.333699975
0.453148427,-0.286464387,-0.158590378,0.537782248
-0.342766118,1.040927897,-0.249952711,1.240484385
-0.087143928,0.85295576,0.349077273,1.276336535
0.952773615,-0.308351554,1.450867753,1.226143525
-0.244002999,0.776994417,-0.2125691,1.778266633
-0.673913045,1.252074682,-0.249952711,-0.03585215
-0.197526237,0.610909446,0.99771415,-0.258135479
1.748688159,-1.128476564,2.118151824,0.308328489
0.052286357,0.016093505,-0.160910125,0.408714508
-1.458208398,0.809181427,-0.249952711,0.02151129
0.029047976,0.126816819,1.575509529,-0.401544079
1.812593706,-1.322886103,2.215045861,0.544952678
0.058095952,0.06630524,-0.18830098,1.670710184
-0.377623689,0.943079388,-0.249952711,0.838940307
-0.122001499,0.240115093,0.766542465,0.724213427
1.336206899,-0.834931035,1.762249142,2.273026302
-0.14523988,0.800169064,-0.217922362,1.857141363
-0.511244379,0.955954192,-0.249952711,0.207942469
0.023238381,0.477011485,0.792684227,-0.04302258
1.545352326,-1.131051525,1.976647273,1.140098366
0.302098951,-0.16415375,-0.203290113,1.885823083
-0.232383808,0.310926515,-0.249952711,2.480968771
0.005809595,0.487311329,0.550627577,1.892993513
1.301349327,-1.290699094,1.793833386,0.179260749
-0.116191904,0.001931221,-0.169386122,-0.150579029
-1.278110947,0.95209175,-0.249952711,-0.293987629
0.092953523,0.180890995,1.094965071,-0.308328489
1.818403301,-1.469658868,2.227179921,-0.05736344
0.331146927,0.041843113,-0.20908948,-0.286817199
-0.650674664,0.767982054,-0.249952711,-0.286817199
0.110382309,0.286464387,0.674734027,-0.372862359
1.295539732,-1.3756728,0.557408375,-0.401544079
-0.081334333,-0.139691623,-0.197044641,-0.401544079
-0.912106448,0.711332917,-0.249952711,-0.408714508
-0.377623689,0.134541701,1.010472757,-0.351351069
1.632496255,-1.499270917,1.501188413,-0.06453387
0.336956522,0.113942015,-0.182590835,0.0717043
-0.296289356,0.608334486,-0.249952711,-0.01434086
-0.040667166,0.352125887,0.567847235,0.00717043
1.632496255,-1.64089376,2.032856521,-0.229453759
0.209145428,-0.254277378,-0.187051886,-0.315498919
-0.766866568,1.08083979,-0.249952711,-0.258135479
-0.13362069,0.711332917,0.504232642,1.771096203
0.917916043,-0.740944966,0.600591352,3.018751019
-0.046476762,-0.043130593,-0.167869365,1.462767715
-0.999250376,0.943079388,-0.249952711,1.541642444
0.075524738,0.363713211,0.934545662,3.785987026
1.864880063,-1.73745479,2.467541371,4.753995072
-0.151049476,-0.202778162,-0.171527427,2.990069299
-1.278110947,0.537523064,-0.249952711,0.394373649
-0.53448276,0.448686917,0.177416015,0.279646769
0.94696402,-0.832356074,1.292143543,1.283506965
-0.505434783,0.399762662,-0.18562435,0.423055368
-1.127061471,0.744807407,-0.249952711,0.186431179
0.046476762,-0.117804456,1.184453762,0.05736344
1.77192654,-1.827578417,1.075960992,0.06453387
0.505434783,0.101067211,-0.174471721,0.06453387
-0.406671665,1.207012868,-0.249952711,-0.193601609
-0.40086207,1.002303486,0.108626602,0.10038602
1.283920542,-0.976553878,2.796053197,2.76061554
0.435719641,-0.171878632,-0.206055965,3.477658537
-0.586769116,1.042215378,-0.249952711,1.606176314
-0.040667166,0.112654534,1.783305304,-0.222283329
1.37106447,-0.922479701,1.836391816,-0.05736344
-0.592578712,0.376588015,-0.225327707,0.516270958
-1.045727138,0.671421025,-0.249952711,0.04302258
-0.325337332,0.061155319,1.047053378,-0.430225798
0.499625188,0.018668466,0.822930155,-0.401544079
-0.82496252,0.976553878,-0.175185489,-0.329839779
-1.307158923,0.815618829,-0.249952711,-0.344180639
-0.116191904,-0.16286627,1.687928025,-0.0717043
1.690592207,-1.156801133,1.561591049,0.258135479
0.151049476,0.186040917,-0.240941387,0.867622027
-1.179347828,0.928917103,-0.249952711,0.695531707
0.058095952,-0.058580358,1.784465178,0.293987629
1.92878561,-1.434896898,1.629220588,1.011030626
-0.307908546,1.087277192,-0.232911495,0.537782248
-0.464767617,1.156801133,-0.249952711,-0.150579029
0,0.32766376,1.184096878,0.10038602
0.708770616,-0.152566427,1.659377296,2.79646769
0.023238381,0.371438093,-0.194278789,1.498619864
-0.435719641,0.925054662,-0.249952711,0.04302258
-0.156859071,0.737082525,0.700518904,0.329839779
1.38268366,-0.914754819,3.009648339,1.663539754
0.319527737,-0.286464387,-0.197936851,1.871482223
-0.290479761,0.666271103,-0.249952711,0.150579029
0.13362069,0.417787387,0.754586847,1.168780086
1.719640183,-1.165813496,2.567915028,3.699941866
-0.104572714,0.390750299,-0.196866199,1.075564496
-0.697151425,1.182550741,-0.249952711,0.186431179
-0.087143928,0.547822907,0.85371141,-0.04302258
1.138680662,-0.676570946,1.343445635,0.566463968
0.029047976,0.072742642,-0.207572722,0.408714508
-0.668103449,1.043502858,-0.249952711,-0.09321559
-0.034857571,0.616059368,1.191591444,5.29177732
1.38268366,-0.895442613,2.096025009,3.922225195
-0.139430285,0.314788956,-0.205074534,2.954217149
-0.505434783,1.075689868,-0.249952711,1.025371486
-0.244002999,0.762832133,0.771092738,0.537782248
1.161919042,-0.344401005,2.310958466,0.630997838
0.092953523,0.046993034,-0.220598993,0.466077948
-0.435719641,0.534948103,-0.249952711,3.370102087
-0.058095952,0.661121182,0.715240374,1.061223636
1.64992504,-1.04994026,2.848872046,1.104246216
0.249812594,0.071455162,-0.206234407,0.803088157
-0.743628187,1.052515221,-0.249952711,0.12189731
-0.052286357,0.672708505,0.78608187,1.892993513
0.981821591,-1.14907625,1.163219157,3.922225195
-0.296289356,0.116516976,-0.202844008,1.412574705
-0.598388307,0.905742456,-0.249952711,1.254825245
0.092953523,0.599322123,0.834974994,0.674020417
1.440779613,-1.019040731,2.508136939,0.358521499
0.087143928,0.059867838,-0.229164211,0.05019301
-0.784295354,0.864543084,-0.249952711,0.193601609
-0.244002999,0.438387074,0.708548797,0.652509128
1.545352326,-0.879992848,2.832276935,1.742414484
0.325337332,0.101067211,-0.141281498,1.555983304
-0.522863569,1.113026799,-0.249952711,0.01434086
0.185907047,0.186040917,1.236648064,1.340870405
1.434970017,-0.970116476,1.499403992,2.222833292
-0.737818592,0.292901789,-0.217654699,0.329839779
-1.92878561,0.65725874,-0.249952711,-0.236624189
-0.313718141,-0.178316034,1.802933931,-0.365691929
2.381934037,-2.006538192,2.158390508,0.530611818
-0.069715143,-0.410062505,-0.162783766,2.065083832
-0.94696402,0.375300534,-0.249952711,0.265305909
0.052286357,0.210503044,0.770825075,0.760065577
2.387743632,-2.0322878,2.859846233,3.355761228
-0.069715143,0.583872358,-0.241030608,2.344730601
-0.923725639,0.970116476,-0.249952711,0
-0.313718141,0.236252652,0.752980869,-0.286817199
1.452398803,-0.683008348,1.707378209,1.950356953
0.255622189,0.431949672,-0.200345819,3.829009606
-0.383433284,1.221175152,-0.249952711,1.104246216
-0.046476762,0.856818201,0.557586817,-0.344180639
0.9702024,-0.464136682,0.869681974,-0.258135479
-0.69134183,0.663696142,-0.226487581,-0.150579029
-1.132871066,0.95209175,-0.249952711,-0.186431179
-0.220764618,0.697170633,0.518240343,-0.143408599
0.749437782,-0.59030976,0.954174288,0.946496756
-0.795914544,0.252989897,-0.20302245,-0.250965049
-1.365254875,0.780856858,-0.249952711,-0.272476339
-0.354385308,0.341826044,0.819272093,-0.408714508
1.301349327,-1.092427113,1.332828332,-0.380032789
-0.586769116,0.223377848,-0.142441372,-0.380032789
-1.068965519,0.631509133,-0.249952711,-0.380032789
0.005809595,0.22852777,0.679016636,-0.437396228
1.493065969,-1.282974211,1.932839748,-0.423055368
0.42410045,-0.903167495,-0.17001067,-0.408714508
-0.389242879,-0.049567995,-0.249952711,-0.444566658
-0.342766118,0.076605083,0.837651625,-0.365691929
1.806784111,-1.608706751,2.133051736,0.602316118
0.360194903,-0.410062505,-0.185178244,0.293987629
-0.273050975,0.390750299,-0.249952711,0.136238169
0.226574213,0.003218701,1.234149875,0.10755645
1.975262372,-1.767066839,3.544617625,0.867622027
0.522863569,-0.639234015,-0.212122995,0.975178476
-0.319527737,0.626359211,-0.249952711,3.355761228
0.081334333,0.26200226,0.593899775,1.434085995
0.615817092,0.00064374,1.029476836,1.871482223
0.017428786,0.095917289,-0.219260677,0.731383857
-0.592578712,0.399762662,-0.249952711,0.380032789
0.005809595,0.572285035,0.596665627,0.430225798
0.830772115,-0.594172201,0.811420642,1.140098366
0.151049476,-0.19762824,-0.226041475,0.580804828
-0.122001499,0.367575652,-0.249952711,0.996689766
0.034857571,0.652108819,0.276629798,0.279646769
1.307158923,-0.967541515,1.41071829,3.111966608
0.110382309,0.161578789,-0.225506149,0.645338698
-0.743628187,1.142638849,-0.249952711,0.552123108
0.01161919,0.616059368,0.514939165,0.372862359
1.098013495,-0.444824476,1.048570136,1.462767715
-0.063905547,0.330238721,-0.209535585,1.534472014
-0.610007497,0.957241672,-0.249952711,0.394373649
-0.139430285,0.505336054,0.364780174,-0.380032789
1.098013495,-0.703608035,0.985044764,-0.365691929
-0.377623689,0.455124319,-0.198293736,-0.380032789
-0.685532235,1.029340574,-0.249952711,-0.408714508
-0.029047976,0.554260309,0.71836311,-0.236624189
1.789355325,-1.600981868,1.543122296,1.061223636
0.453148427,-0.39203778,-0.199810493,2.143958562
-0.290479761,0.82076875,-0.249952711,2.265855872
-0.017428786,0.482161407,0.607639814,3.793157456
1.708020992,-1.346060751,2.107891406,0.846110737
-0.034857571,0.464136682,-0.197758409,-0.207942469
-0.453148427,1.122039162,-0.249952711,0.00717043
0.203335832,0.594172201,0.651090454,-0.04302258
1.35944528,-0.838793476,1.451403079,-0.12189731
0.01161919,0.206640603,-0.201773356,-0.394373649
-0.807533734,1.08341475,-0.249952711,-0.387203219
0.377623689,-0.00064374,1.403669829,-0.380032789
1.725449778,-1.680805653,1.280187925,-0.329839779
-0.174287856,-0.317363917,-0.130039649,-0.286817199
-1.208395804,0.618634329,-0.249952711,-0.380032789
0.023238381,0.104929652,1.281704683,-0.258135479
1.946214396,-1.577807221,2.213529103,0.215112899
0.220764618,0.439674554,-0.176791468,1.283506965
-0.563530736,1.255937123,-0.249952711,1.197461806
0.029047976,0.580009917,0.904478175,0.286817199
1.574400302,-1.035777976,2.148665416,0.494759668
-0.063905547,0.945654348,-0.188836307,-0.258135479
-0.749437782,1.21473775,-0.249952711,-0.408714508
0.110382309,0.021243426,1.371996364,-0.408714508
2.085644681,-1.586819584,2.367792261,-0.150579029
0.232383808,-0.138404142,-0.210338574,0.186431179
-0.720389806,0.738370005,-0.249952711,0.265305909
-0.226574213,0.509198495,0.523058279,1.290677395
1.231634185,-0.970116476,1.54606659,1.849970933
-0.528673164,0.771844495,-0.233803705,1.685051044
-1.452398803,0.78600678,-0.249952711,-0.186431179
-0.220764618,-0.059867838,1.588803463,-0.365691929
1.806784111,-1.44390926,1.777149053,0.372862359
-0.261431785,-0.310926515,-0.122098977,0.745724717
-0.964392805,0.536235584,-0.249952711,-0.08604516
0.029047976,0.178316034,0.622718167,-0.272476339
1.870689658,-1.519870604,2.047488769,0.136238169
-0.174287856,0.312213995,-0.201327251,0.172090319
-1.016679162,0.758969691,-0.249952711,0.423055368
0.017428786,0.255564858,1.133240892,0.587975258
1.661544231,-1.366660437,1.679630469,0.308328489
0.174287856,0.052142956,-0.212836763,-0.136238169
-0.406671665,0.783431819,-0.249952711,-0.293987629
0.156859071,0.340538564,1.184632204,-0.172090319
1.812593706,-1.594544466,2.641611597,-0.00717043
-0.110382309,-0.245265015,-0.181430961,0.860451597
-0.714580211,1.058952623,-0.249952711,1.634858034
-0.482196403,0.847805839,0.652071886,0.975178476
0.633245878,-0.173166113,1.289377691,2.7032521
-0.087143928,0.75253229,-0.206769733,0.724213427
-0.772676163,1.066677505,-0.249952711,-0.12189731
-0.098763119,0.609621966,0.632800144,-0.315498919
1.452398803,-0.973978917,1.654559361,0.408714508
-0.580959521,0.617346848,-0.174650163,0.838940307
-1.039917543,0.939216946,-0.249952711,0.344180639
-0.284670165,0.135829181,0.962382622,-0.258135479
1.667353826,-1.342198309,1.870920354,0.315498919
0.284670165,-0.050855476,-0.206412849,-0.12906774
-0.650674664,1.022903172,-0.249952711,0.473248378
0.01161919,0.413924946,0.459711349,0.423055368
1.022488757,-0.728070162,1.079083728,0.322669349
-0.505434783,0.29547675,-0.196152431,-0.286817199
-0.656484259,0.470574084,-0.249952711,-0.243794619
-0.052286357,-0.083042485,1.168929303,-0.07887473
1.034107948,-1.096289554,1.693192066,0.960837616
-0.168478261,-0.867118044,-0.195349442,0.523441388
-1.022488757,-0.411349985,-0.249952711,-0.02868172
0.284670165,-1.169675937,1.61200093,-0.172090319
1.556971517,-2.121123947,2.539096636,0.05736344
-0.029047976,-0.471861564,-0.20560986,0.200772039
-1.150299852,0.88643025,-0.249952711,-0.150579029
-0.017428786,-0.59159724,1.25975631,-0.207942469
1.150299852,-1.394985005,1.415357783,0.960837616
-0.319527737,0.639234015,-0.195438663,0.03585215
-0.621626688,0.616059368,-0.249952711,-0.164919889
-0.517053974,0.776994417,0.587743524,0.932155897
1.016679162,-0.513060936,2.175431724,1.355211265
-0.41248126,0.95209175,-0.206591291,0.530611818
-0.900487258,1.218600192,-0.249952711,-0.10755645
-0.528673164,0.668846064,0.891451905,-0.265305909
0.755247378,-0.516923378,2.209246494,1.620517174
-0.366004498,0.42679975,-0.217208594,2.932705859
-0.819152925,1.236624917,-0.249952711,-0.250965049
-0.139430285,0.399762662,1.000212338,-0.02868172
1.394302851,-1.262374525,2.543736129,0.810258587
-0.214955023,0.452549358,-0.189371633,-0.07887473
-0.755247378,1.131051525,-0.249952711,-0.150579029
-0.162668666,0.552972829,0.583104031,0.01434086
1.295539732,-1.069252466,2.380550868,2.079424692
0.075524738,-0.137116662,-0.196866199,1.412574705
-0.633245878,1.01646577,-0.249952711,0.293987629
-0.273050975,0.543960466,0.596487185,0.04302258
0.633245878,-0.407487544,0.851391663,0.853281167
-0.389242879,0.699745593,-0.207661944,0.337010209
-0.778485758,0.998441045,-0.249952711,-0.03585215
-0.441529236,0.680433388,0.586851314,-0.215112899
1.678973016,-1.44262178,2.157676739,0.831769877
-0.214955023,-0.013518544,-0.172508858,0.953667186
-0.67972264,0.861968123,-0.249952711,1.025371486
-0.273050975,0.607047005,0.735939652,0.430225798
1.179347828,-0.65725874,1.334880416,-0.308328489
-0.116191904,0.286464387,-0.165638839,-0.387203219
-1.324587708,0.868405525,-0.249952711,-0.444566658
-0.180097452,0.318651397,0.849696464,-0.365691929
1.766116944,-1.815991094,1.719779932,-0.02151129
0.13362069,-0.742232446,-0.163408313,-0.272476339
-0.923725639,0.362425731,-0.249952711,-0.250965049
-0.366004498,0.497611172,0.435800113,2.222833292
1.196776614,-1.406572329,1.224246341,1.921675233
0.081334333,-0.65468378,-0.194546452,0.08604516
-0.755247378,0.916042299,-0.249952711,-0.215112899
-0.13362069,0.408775025,0.508693693,0.07887473
1.539542731,-1.370522878,1.605666237,1.355211265
-0.244002999,0.39461274,-0.198115293,1.140098366
-1.208395804,0.856818201,-0.249952711,-0.380032789
-0.563530736,-0.021243426,1.611287162,-0.229453759
2.352886061,-2.076062133,2.602175903,1.082734926
0.232383808,-0.23110273,-0.195706326,1.018201056
-1.731259373,0.766694574,-0.249952711,-0.394373649
-0.092953523,-0.122954378,1.428830159,-0.164919889
2.114692657,-1.795391408,2.963610289,1.161609656
0.058095952,-0.395900221,-0.138069541,1.606176314
-0.883058472,0.944366868,-0.249952711,0.186431179
-0.116191904,0.395900221,0.445435984,0.430225798
1.074775114,-0.892867652,1.26145151,1.247654815
0.104572714,-0.186040917,-0.227469012,2.516820921
-0.458958022,0.65597126,-0.249952711,2.366241891
-0.087143928,0.652108819,0.582568705,2.79646769
1.010869567,-0.954666711,1.34647915,1.677880614
0,0.233677691,-0.214621184,0.573634398
-1.243253375,0.847805839,-0.249952711,0.136238169
-0.476386807,0.146129025,0.579178306,0.179260749
1.068965519,-0.81819379,2.200859717,0.573634398
-0.180097452,-0.233677691,-0.19436801,0.573634398
-1.034107948,0.767982054,-0.249952711,-0.172090319
-0.034857571,-0.730645123,1.591390872,0.516270958
1.039917543,-1.80440377,2.58977418,1.591835454
-0.598388307,0.791156701,-0.2142643,1.247654815
-1.138680662,1.159376094,-0.249952711,0.200772039
-0.668103449,0.762832133,0.752891648,0.473248378
1.051536733,-0.860680643,2.039369656,2.287367162
-0.313718141,0.771844495,-0.217833141,0.05736344
-0.976011996,1.252074682,-0.249952711,0.150579029
-0.447338831,0.802744025,0.692845896,-0.408714508
0.941154424,-1.060240103,1.636179829,-0.444566658
-0.371814094,-0.095917289,-0.197758409,-0.444566658
-1.963643182,1.035777976,-0.249952711,-0.444566658
-0.633245878,0.168016191,0.917861329,-0.444566658
1.318778113,-1.608706751,2.184264606,-0.444566658
-0.162668666,0.017380985,-0.190531506,-0.444566658
-1.086394305,1.299711456,-0.249952711,-0.444566658
-0.627436283,0.75253229,0.444632995,-0.200772039
0.894677663,-0.939216946,1.31525179,-0.222283329
-0.052286357,-0.384312897,-0.174204058,-0.243794619
-1.307158923,0.943079388,-0.249952711,-0.06453387
0.069715143,-0.353413368,0.643952772,1.039712346
1.469827589,-1.714280143,2.659366582,0.523441388
0.040667166,-0.706182995,-0.164925071,0.559293538
-0.273050975,0.039268152,-0.249952711,1.527301584
-0.023238381,-0.03283075,0.837116299,1.964697813
1.109632685,-1.11431428,1.940601977,1.842800503
-0.122001499,-0.173166113,-0.177594457,0.437396228
-0.598388307,-0.225952809,-0.249952711,0.831769877
-0.14523988,-0.200203201,0.50057458,0.186431179
0.615817092,-1.127189084,1.091574672,-0.222283329
-0.063905547,-0.878705368,-0.170545996,-0.301158059
-0.662293854,-0.232390211,-0.249952711,-0.222283329
-0.005809595,-0.98299128,1.298032131,-0.229453759
1.190967018,-2.410807035,3.451649314,-0.344180639
-0.034857571,-0.953379231,-0.082663283,-0.358521499
-0.627436283,0.210503044,-0.249952711,-0.315498919
-0.075524738,-0.236252652,0.795003973,-0.358521499
1.231634185,-1.989800947,2.290705293,-0.394373649
-0.778485758,0.148703985,-0.199096725,-0.365691929
-1.464017993,0.907029937,-0.249952711,-0.293987629
-0.017428786,-0.234965172,0.855228167,0.250965049
1.469827589,-1.880365114,2.169186252,0.939326327
-0.075524738,-0.410062505,-0.134679142,-0.272476339
-1.272301351,0.898017574,-0.249952711,-0.401544079
-0.307908546,0.03154327,0.713902058,-0.265305909
1.78354573,-1.595831947,1.98075144,-0.12906774
-0.232383808,-0.200203201,-0.147973076,-0.344180639
-1.626686659,0.804031505,-0.249952711,-0.358521499
-0.13362069,-0.236252652,1.167055662,-0.430225798
1.545352326,-2.135286231,1.291518996,-0.444566658
-0.232383808,-0.796306623,-0.108091276,-0.444566658
-0.993440781,0.298051711,-0.249952711,-0.444566658
-0.058095952,0.16415375,0.537244422,0.337010209
1.934595206,-1.792816447,2.402677683,0.09321559
0.377623689,-0.789869221,-0.159125704,-0.437396228
-1.051536733,0.218227927,-0.249952711,-0.444566658
-0.540292355,-0.126816819,1.062131732,-0.351351069
2.335457275,-2.869150055,3.367067779,-0.337010209
0.662293854,-1.328036025,-0.100329046,-0.250965049
0.081334333,-0.467999123,-0.249952711,-0.09321559
0.302098951,-0.604472044,0.32186486,1.018201056
1.266491756,-0.967541515,0.993342319,1.168780086
0.127811095,0.243977534,-0.183750708,0
-0.232383808,0.52593574,-0.249952711,0.10038602
0.238193404,-0.147416505,0.493258455,0.709872567
1.278110947,-1.331898466,1.22246192,1.634858034
0.139430285,0.085617446,-0.204449986,0.243794619
-0.941154424,0.88514277,-0.249952711,0.501930098
-0.122001499,0.331526201,0.55874669,0.258135479
1.278110947,-0.685583309,1.131902576,0.903474177
-0.029047976,0.829781113,-0.179289656,-0.193601609
-0.325337332,1.207012868,-0.249952711,-0.301158059
0.063905547,0.72163276,0.957921571,-0.229453759
1.673163421,-0.957241672,2.05364502,0.480418808
0.284670165,0.380450456,-0.208464933,0.186431179
-0.55772114,0.981703799,-0.249952711,-0.186431179
-0.366004498,0.827206152,0.591580029,0.344180639
1.272301351,-1.084702231,1.517248198,0.867622027
0.180097452,-0.289039348,-0.167066376,0.322669349
-0.40086207,-0.03154327,-0.249952711,0.781576867
-0.005809595,-0.081755005,0.56392151,-0.265305909
1.307158923,-1.530170447,1.442480976,-0.258135479
-0.023238381,-0.75381977,-0.111392454,-0.279646769
-1.010869567,1.087277192,-0.249952711,-0.236624189
0.029047976,0.303201632,0.501199127,1.204632236
1.109632685,-0.829781113,1.793476502,1.211802666
-0.226574213,-0.177028554,-0.187319549,0.207942469
-0.441529236,-0.001931221,-0.249952711,-0.05019301
-0.191716642,0.067592721,0.438655186,-0.301158059
0.877248877,-1.087277192,1.335683405,-0.380032789
-0.226574213,0.386887858,-0.15966103,-0.408714508
-1.376874065,1.218600192,-0.249952711,-0.394373649
-0.610007497,0.715195358,0.641454583,-0.07887473
0.883058472,-0.659833701,1.434897189,0.867622027
-0.307908546,0.592884721,-0.205252976,-0.215112899
-1.388493256,0.811756388,-0.249952711,-0.430225798
-1.039917543,-0.245265015,1.509218305,-0.444566658
1.969452777,-2.607791535,3.577718627,-0.444566658
-0.720389806,-0.865830564,-0.132983943,-0.444566658
-2.538793108,0.054717917,-0.249952711,-0.444566658
-0.859820091,-1.010028368,1.538572024,-0.444566658
2.132121443,-2.748126898,2.598785504,-0.430225798
-0.702961021,-0.823343711,-0.20213024,-0.415884938
-2.254122942,0.242690054,-0.249952711,-0.430225798
-0.720389806,-0.169303672,1.182134015,0.05019301
1.307158923,-1.234049956,1.472637684,0.487589238
-0.156859071,0.881280329,-0.190085401,-0.06453387
-0.67972264,0.977841358,-0.249952711,-0.164919889
-0.470577212,0.728070162,0.425539695,-0.12189731
0.993440781,-1.463221466,1.508950642,0.02868172
-0.180097452,-0.55812275,-0.20819727,-0.172090319
-1.748688159,0.771844495,-0.249952711,-0.423055368
-1.161919042,-0.32637628,1.292232764,-0.12906774
1.539542731,-2.452006408,3.074333585,0.01434086
-0.673913045,-0.847805839,-0.162872987,0.415884938
-1.574400302,0.840080956,-0.249952711,0.788747297
-0.82496252,0.708757956,0.520738532,1.584665024
0.604197902,-0.16544123,1.716657196,0.587975258
-0.877248877,0.912179858,-0.194457231,0.05019301
-1.615067469,1.24692476,-0.249952711,-0.193601609
-0.673913045,0.375300534,0.800892561,-0.02151129
1.603448279,-1.380822721,2.453087564,1.297847825
-0.203335832,0.09977973,-0.174025616,0.559293538
-1.353635684,0.937929466,-0.249952711,-0.315498919
-0.319527737,0.305776593,0.866202354,-0.415884938
1.91716642,-1.651193604,2.933453581,0.186431179
0.104572714,0.511773456,-0.121117546,1.140098366
-0.755247378,1.182550741,-0.249952711,2.014890823
-0.383433284,0.791156701,0.532961813,0.279646769
1.620877064,-1.325461064,3.235109878,0.810258587
0.255622189,-0.206640603,-0.143779687,1.269166105
-0.708770616,1.058952623,-0.249952711,3.807498316
-0.488005998,0.88514277,0.482551932,2.344730601
0.261431785,-0.056005397,1.659555738,3.456147247
-0.488005998,0.504048574,-0.198739841,0.652509128
-0.923725639,1.257224603,-0.249952711,1.297847825
-0.528673164,0.891580172,0.608978129,-0.02868172
0.761056973,-0.304489113,2.22191588,0.02868172
-0.331146927,-0.028968309,-0.184910581,-0.265305909
-0.999250376,1.110451839,-0.249952711,-0.358521499
-0.517053974,0.353413368,1.201405757,-0.344180639
1.475637184,-1.745179672,2.010105159,-0.243794619
0.029047976,-0.345688485,-0.192851253,-0.12189731
-1.179347828,1.150363731,-0.249952711,-0.380032789
-0.644865069,0.370150613,1.014576924,-0.150579029
1.539542731,-1.531457927,2.668824011,-0.10755645
0.069715143,-0.388175338,-0.199721272,-0.05019301
-0.517053974,-0.388175338,-0.249952711,0.229453759
0,-0.640521495,0.893503989,-0.322669349
1.539542731,-1.976926143,2.312207561,-0.423055368
-0.366004498,-0.493748731,-0.172241195,-0.437396228
-0.842391306,0.574859995,-0.249952711,-0.444566658
-0.255622189,0.554260309,1.070429288,-0.200772039
1.167728638,-0.725495201,1.972721548,0.04302258
-0.313718141,0.800169064,-0.186338118,-0.236624189
-0.865629687,1.073114907,-0.249952711,-0.279646769
-0.273050975,0.478298966,0.75048268,0.193601609
1.272301351,-1.010028368,2.134033167,0.501930098
0.058095952,-0.256852338,-0.17696991,0.380032789
-0.935344829,1.127189084,-0.249952711,0.645338698
-0.220764618,0.112654534,1.002175201,1.964697813
0.935344829,-0.895442613,1.257793447,3.126307468
-0.075524738,-0.81948127,-0.178486667,0.530611818
-0.743628187,0.241402574,-0.249952711,0.10038602
-0.336956522,0.416499907,0.67062986,0.645338698
0.784295354,-1.217312711,1.327564292,0.838940307
-0.331146927,0.122954378,-0.191869821,0.11472688
-0.732008997,0.706182995,-0.249952711,0.12906774
-0.209145428,0.089479887,0.618524779,-0.279646769
1.098013495,-1.307436339,2.052485147,-0.279646769
-0.273050975,-0.659833701,-0.185713571,-0.387203219
-1.307158923,0.676570946,-0.249952711,-0.308328489
-0.296289356,-0.117804456,0.860135324,-0.394373649
1.074775114,-1.586819584,1.045625842,-0.444566658
0.14523988,-0.533660623,-0.1361959,-0.444566658
-0.586769116,0.095917289,-0.249952711,-0.444566658
-0.069715143,-0.497611172,1.004048843,-0.444566658
1.190967018,-1.286836652,1.575866413,-0.444566658
-0.209145428,-0.003218701,-0.198382957,-0.444566658
-1.678973016,0.816906309,-0.249952711,-0.444566658
-0.284670165,-0.102354691,1.080332822,-0.444566658
1.77192654,-2.045162604,2.2635821,-0.444566658
0,-0.91732978,-0.183750708,-0.444566658
-1.742878564,0.666271103,-0.249952711,-0.444566658
-0.40086207,0.06501776,1.058116786,-0.358521499
1.824212897,-2.056749927,2.725657806,-0.207942469
0.336956522,-0.672708505,-0.207483501,-0.11472688
-0.923725639,0.661121182,-0.249952711,-0.10755645
-0.191716642,0.322513838,0.915006256,0.12189731
1.353635684,-1.380822721,1.705861452,0.10755645
-0.94696402,-0.106217132,-0.173936395,-0.243794619
-1.342016494,0.433237152,-0.249952711,-0.401544079
-0.168478261,-0.520785819,1.554988693,-0.444566658
2.010119943,-2.85241281,3.144818197,-0.444566658
-0.139430285,-0.850380799,-0.0980093,-0.444566658
-2.347076466,0.549110387,-0.249952711,-0.444566658
-0.81334333,-0.648246378,1.671243693,-0.301158059
2.265742133,-2.650278388,2.967357572,-0.215112899
0.476386807,-1.095002074,-0.140746172,-0.12906774
-0.993440781,0.412637466,-0.249952711,-0.365691929
0.052286357,-0.207928083,0.637171974,0.623827408
1.882308849,-2.009113153,2.381621521,1.713732764
0.081334333,-0.698458113,-0.156270631,0.344180639
-0.586769116,0.510485976,-0.249952711,1.240484385
-0.220764618,0.241402574,0.532961813,-0.308328489
1.574400302,-1.501845878,1.387788486,0.05019301
0.470577212,-0.403625103,-0.171973532,0.05736344
-0.41248126,0.627646691,-0.249952711,-0.344180639
-0.244002999,0.16544123,0.960152097,-0.372862359
1.957833586,-2.312958525,2.55158758,-0.315498919
-0.493815593,-0.505336054,-0.189817738,-0.308328489
-1.039917543,0.510485976,-0.249952711,-0.308328489
-0.023238381,-0.012231064,0.770111306,0.351351069
1.388493256,-1.590682025,1.13743428,0.501930098
-0.447338831,-0.433237152,-0.176345363,-0.193601609
-0.505434783,-0.252989897,-0.249952711,-0.337010209
0.191716642,-0.519498338,1.341036667,0.00717043
1.737068968,-2.052887486,1.786160377,0.286817199
0.069715143,-0.237540132,-0.1917806,1.520131154
-0.610007497,0.13196674,-0.249952711,1.376722555
-0.249812594,0.077892564,0.91357872,1.462767715
1.934595206,-2.670878075,2.742788243,1.950356953
0.505434783,-1.324173584,-0.081681851,1.656369324
-0.493815593,0.936641986,-0.249952711,4.201871964
0.075524738,0.543960466,1.180617258,1.520131154
1.394302851,-0.644383937,2.236905013,1.369552125
-0.058095952,0.242690054,-0.189817738,-0.0717043
-0.766866568,1.010028368,-0.249952711,-0.215112899
-0.662293854,0.766694574,1.030636709,-0.394373649
1.615067469,-1.582957143,3.318888424,-0.444566658
0.075524738,-0.322513838,-0.18562435,-0.444566658
-0.743628187,0.316076436,-0.249952711,-0.444566658
-0.13362069,-0.298051711,0.520292427,-0.10755645
1.295539732,-1.413009731,2.29739687,1.455597285
-0.232383808,0.545247946,-0.17875433,0.587975258
-0.900487258,1.053802701,-0.249952711,0.831769877
-0.673913045,0.828493633,0.554107197,-0.423055368
0.871439282,-1.227612554,1.195338728,-0.415884938
-0.755247378,-0.653396299,-0.179378878,-0.444566658
-2.405172418,0.451261878,-0.249952711,-0.444566658
-0.673913045,-1.110451839,1.765907204,-0.430225798
2.399362823,-3.285006222,4.179157579,0.293987629
0.476386807,-1.586819584,-0.190353064,1.577494594
-0.360194903,-0.186040917,-0.249952711,-0.06453387
-0.383433284,0.411349985,0.309463137,-0.337010209
1.231634185,-1.774791721,1.816673969,-0.365691929
-0.185907047,-0.904454976,-0.188122538,-0.423055368
-1.161919042,0.603184564,-0.249952711,-0.408714508
0.14523988,-0.474436525,0.743612661,-0.444566658
1.731259373,-1.765779359,2.586562223,-0.444566658
0.104572714,-0.416499907,-0.194724894,-0.444566658
-0.964392805,0.864543084,-0.249952711,-0.444566658
-0.790104949,0.278739505,0.633781575,-0.365691929
1.312968518,-2.069624731,1.524653543,-0.272476339
-0.656484259,0.32766376,-0.227112128,-0.415884938
-1.719640183,1.065390025,-0.249952711,-0.444566658
-0.441529236,-0.448686917,1.723259552,-0.444566658
1.64992504,-2.625816261,1.641979196,-0.293987629
-0.598388307,-0.725495201,-0.152255685,-0.229453759
-1.423350827,0.667558584,-0.249952711,-0.423055368
-0.476386807,0.538810544,0.49887938,-0.344180639
1.737068968,-1.984651025,2.629923643,-0.08604516
-0.058095952,-0.46027424,-0.18651656,-0.215112899
-1.045727138,1.122039162,-0.249952711,-0.351351069
-0.348575713,0.319938878,0.951408436,-0.279646769
1.64992504,-1.9009648,2.330051766,0.924985467
-0.13362069,0.018668466,-0.185802792,0.344180639
-1.260682161,1.174825858,-0.249952711,0.136238169
-0.383433284,0.717770319,0.498968601,-0.243794619
1.028298353,-1.349923192,1.761892258,-0.286817199
-0.69134183,-0.178316034,-0.185089023,-0.430225798
-1.254872566,0.528510701,-0.249952711,-0.444566658
-0.116191904,-0.26328974,1.56953172,-0.444566658
1.719640183,-2.336133173,1.657771318,-0.430225798
-0.046476762,-0.829781113,-0.185356686,-0.415884938
-2.312218894,0.435812113,-0.249952711,-0.430225798
-0.67972264,-0.483448887,1.42026494,-0.301158059
1.92878561,-2.378620025,2.468522802,0.193601609
0.034857571,-0.88643025,-0.179021993,0.193601609
-0.569340331,0.653396299,-0.249952711,2.022061252
-0.023238381,0.313501476,0.734958221,0.717042997
1.10382309,-0.780856858,1.636179829,0.12906774
-0.209145428,0.323801319,-0.190620727,-0.10755645
-0.476386807,0.021243426,-0.249952711,-0.293987629
-0.046476762,-0.267152181,0.800981782,-0.308328489
0.993440781,-1.006165927,1.727809825,-0.12906774
-0.499625188,0.03154327,-0.144136571,-0.250965049
-1.005059972,1.199287986,-0.249952711,-0.394373649
-0.406671665,0.527223221,0.854782062,-0.365691929
1.597638683,-1.682093133,2.805867511,-0.351351069
-0.162668666,-0.716482839,-0.190353064,-0.387203219
-1.812593706,1.070539947,-0.249952711,-0.401544079
-1.057346329,0.16544123,0.837830067,-0.380032789
0.836581711,-1.073114907,1.559628186,-0.344180639
-0.168478261,-0.119091936,-0.204182323,-0.358521499
-0.732008997,0.891580172,-0.249952711,-0.315498919
-0.168478261,0.366288172,0.719433762,0.752895147
1.185157423,-0.971403956,2.195952561,1.118587076
-0.110382309,0.13196674,-0.183126161,0.329839779
-0.662293854,1.106589398,-0.249952711,0.337010209
-0.023238381,0.259427299,1.328813386,-0.423055368
1.249062971,-1.456784064,2.236012802,-0.444566658
-0.755247378,-0.056005397,-0.1917806,-0.444566658
-1.795164921,0.659833701,-0.249952711,-0.444566658
-0.203335832,-0.227240289,1.190431571,-0.444566658
1.702211397,-2.379907506,2.338527764,-0.415884938
0.191716642,-0.716482839,-0.184910581,-0.444566658
-1.301349327,0.598034642,-0.249952711,-0.444566658
-0.098763119,0.094629809,1.088541157,-0.372862359
1.626686659,-2.171335682,1.855395895,-0.358521499
-0.348575713,-0.664983623,-0.195171,-0.394373649
-2.538793108,0.084329966,-0.249952711,-0.430225798
-0.912106448,-0.693308191,0.880834603,-0.286817199
1.533733136,-1.719430064,1.835053501,-0.10755645
0.168478261,-0.985566241,-0.206948175,-0.06453387
-0.999250376,0.343113525,-0.249952711,-0.286817199
-0.087143928,0.242690054,0.949267131,0.301158059
1.812593706,-1.786379045,1.978074809,0.337010209
0.395052474,-1.01775325,-0.1917806,0.05736344
-0.999250376,0.552972829,-0.249952711,-0.157749459
-0.354385308,0.303201632,0.570702308,-0.207942469
1.347826089,-1.729729908,1.648759994,0.781576867
-0.209145428,-0.801456544,-0.218993014,0.143408599
-0.859820091,0.178316034,-0.249952711,-0.437396228
0.54610195,-1.234049956,1.197569253,-0.401544079
1.742878564,-2.430119241,2.541773267,-0.157749459
-0.342766118,-1.34477327,-0.198293736,-0.179260749
-1.010869567,-0.778281897,-0.249952711,-0.444566658
-0.127811095,-0.692020711,0.99343154,-0.394373649
1.173538233,-1.715567623,2.187387342,0.193601609
-0.092953523,-0.88514277,-0.20043504,0.896303747
-2.05078711,0.258139819,-0.249952711,-0.315498919
-0.807533734,-0.94951679,1.935873263,-0.394373649
2.178598205,-3.135658496,2.82317639,-0.329839779
0.203335832,-1.617719113,-0.17527471,-0.401544079
-1.562781112,0.157716348,-0.249952711,-0.444566658
-0.14523988,-1.203150427,1.734769065,-0.437396228
2.0624063,-3.4111793,3.421403385,0.767236007
-0.395052474,-1.841740702,-0.174739384,0.222283329
-2.852511249,-0.919904741,-0.249952711,-0.444566658
-0.737818592,-2.199660251,2.004216571,-0.444566658
2.242503752,-3.552802144,4.034084187,-0.444566658
-0.092953523,-1.7696418,-0.19258359,-0.444566658
-2.567841084,-0.715195358,-0.249952711,-0.444566658
-0.888868067,-2.204810172,1.939620546,-0.444566658
2.445839584,-3.83604783,4.419965135,-0.444566658
-0.41248126,-1.543045251,-0.194457231,-0.444566658
-2.904797606,-0.117804456,-0.249952711,-0.444566658
-1.22582459,-2.090224418,1.91133748,-0.444566658
2.550412298,-4.120580997,4.452084705,-0.444566658
-0.830772115,-1.921564486,-0.205520639,-0.444566658
-3.096514248,-0.272302103,-0.249952711,-0.444566658
-0.912106448,-1.740029751,1.999130972,-0.415884938
2.527173917,-3.287581183,3.990722767,-0.06453387
0.383433284,-0.966254035,-0.208018828,-0.09321559
-1.376874065,0.542672986,-0.249952711,0.06453387
-0.122001499,-0.372725574,1.396978252,-0.430225798
2.126311848,-2.091511898,2.335048144,-0.394373649
0.087143928,-0.565847633,-0.203379334,-0.423055368
-1.185157423,0.084329966,-0.249952711,-0.444566658
0.418290855,-0.798881584,1.18516753,-0.344180639
2.509745132,-2.59105429,1.875827511,0.344180639
0.633245878,-1.17997578,-0.18740877,0.480418808
-0.360194903,0.895442613,-0.249952711,-0.200772039
0.214955023,0.296764231,0.955780266,0.08604516
1.609257874,-1.593256986,1.245124061,0.602316118
0.575149926,-0.531085662,-0.184286034,-0.172090319
-0.383433284,0.815618829,-0.249952711,-0.164919889
0.116191904,0.012231064,1.273585569,0.695531707
1.568590707,-1.281686731,1.797134564,1.849970933
0.156859071,0.398475182,-0.138337204,0.874792457
-0.528673164,1.067964986,-0.249952711,0.186431179
0.069715143,0.321226358,0.939809702,-0.157749459
1.870689658,-1.777366682,1.673295776,0.451737088
0.488005998,-0.303201632,-0.182412392,-0.179260749
-0.511244379,0.95209175,-0.249952711,-0.380032789
0.27886057,0.177028554,1.087202841,-0.301158059
1.78354573,-1.566219898,1.183026226,0.05736344
0.162668666,0.166728711,-0.20391466,-0.401544079
-0.371814094,0.439674554,-0.249952711,-0.444566658
0.180097452,0.046993034,0.936865408,-0.322669349
1.870689658,-2.133998751,1.861641367,0.717042997
0.429910046,-0.634084093,-0.194992557,0.630997838
-0.40086207,0.189903358,-0.249952711,-0.236624189
0.087143928,-0.249127456,0.860135324,0.215112899
1.161919042,-1.633168878,0.945876732,1.290677395
-0.540292355,-0.502761093,-0.228539664,-0.06453387
-1.22582459,-0.245265015,-0.249952711,-0.329839779
-0.470577212,-0.68944575,1.170892166,-0.215112899
1.754497754,-2.091511898,1.386985496,0.157749459
0.528673164,-1.27782429,-0.184107592,0.12189731
-0.505434783,0.056005397,-0.249952711,-0.437396228
-0.273050975,0.39461274,0.398862607,-0.444566658
1.365254875,-1.787666525,1.578899928,-0.437396228
0.366004498,-1.225037594,-0.19954283,-0.408714508
-0.290479761,0.331526201,-0.249952711,-0.444566658
0.046476762,-0.090767368,0.508158367,-0.437396228
1.667353826,-1.80311629,2.010105159,-0.437396228
0.081334333,-0.619921809,-0.18830098,-0.444566658
-1.551161922,0.595459682,-0.249952711,-0.444566658
0.052286357,-0.451261878,1.640997764,-0.200772039
1.986881563,-2.4262568,2.151520488,-0.157749459
-0.034857571,-0.604472044,-0.18223395,-0.258135479
-0.307908546,0.092054848,-0.249952711,-0.243794619
0.197526237,-0.516923378,0.878782519,0.738554287
1.620877064,-2.225409859,0.977282534,-0.380032789
-0.104572714,-0.625071731,-0.188836307,-0.229453759
-1.684782611,0.22852777,-0.249952711,-0.444566658
-0.371814094,-0.667558584,2.019294924,-0.444566658
2.916416796,-3.4768408,3.626522529,-0.279646769
0.354385308,-0.990716162,-0.183750708,0.638168268
-0.598388307,0.140979103,-0.249952711,0.380032789
-0.046476762,-0.527223221,1.017431997,-0.265305909
2.010119943,-2.252446947,1.829967902,0.781576867
0.26724138,-0.35985077,-0.218725351,2.122447272
-0.354385308,0.568422593,-0.249952711,-0.222283329
0.668103449,-0.540098025,1.819439821,-0.351351069
2.46326837,-2.388919869,2.736899656,0.229453759
0.214955023,-0.762832133,-0.186427339,0.760065577
-0.41248126,0.03411823,-0.249952711,0.645338698
0.371814094,-0.62249677,1.316233221,0.05736344
2.788605702,-2.620666339,2.527765565,1.132927936
0.714580211,-0.383025417,-0.183661487,0.781576867
-0.063905547,0.184753436,-0.249952711,-0.315498919
0.389242879,-0.222090368,0.478180102,1.161609656
1.37106447,-1.445196741,1.07408735,2.911194569
0.511244379,-1.118176721,-0.195349442,0.380032789
-0.116191904,0.146129025,-0.249952711,-0.07887473
0.307908546,-0.116516976,1.019127196,1.118587076
1.324587708,-1.472233829,1.106742246,0.824599447
0.098763119,0.115229495,-0.22122354,0.12189731
-0.371814094,-0.473149044,-0.249952711,-0.09321559
0.284670165,-0.957241672,0.558389806,2.67457038
1.568590707,-2.019412996,1.526437964,1.591835454
0.185907047,-0.824631192,-0.190442285,0.179260749
-0.493815593,0.336676123,-0.249952711,-0.272476339
-0.023238381,0.428087231,0.544560547,-0.09321559
1.50468516,-1.885515035,1.970847906,1.405404275
-0.383433284,-0.810468907,-0.203379334,0.401544079
-0.935344829,0.398475182,-0.249952711,-0.437396228
-0.290479761,0.005793662,0.244510228,-0.437396228
1.196776614,-1.530170447,1.370390385,-0.444566658
-0.888868067,-0.762832133,-0.1934758,-0.444566658
-2.59688906,-0.264577221,-0.249952711,-0.444566658
-0.54610195,-1.257224603,1.786249598,-0.437396228
2.201836585,-2.628391222,1.863158125,-0.157749459
-0.244002999,-0.946941829,-0.187230328,-0.286817199
-1.661544231,0.384312897,-0.249952711,-0.444566658
0.023238381,-0.488598809,1.464340128,-0.193601609
2.410982013,-2.395357271,1.773490991,1.204632236
0.784295354,-0.401050142,-0.185802792,0.874792457
-0.249812594,1.216025231,-0.249952711,-0.408714508
0.087143928,0.746094888,0.496470412,-0.286817199
1.800974516,-1.379535241,2.186138247,0.08604516
0.342766118,-0.153853907,-0.201148808,-0.265305909
-0.185907047,0.966254035,-0.249952711,-0.444566658
0.313718141,0.213078005,1.030101383,-0.423055368
2.1844078,-1.697542898,2.511170454,-0.200772039
0.435719641,-0.32766376,-0.213996637,-0.387203219
-0.226574213,0.971403956,-0.249952711,-0.444566658
0.458958022,0.155141387,1.279474157,-0.358521499
2.445839584,-2.092799378,2.714326735,0.286817199
0.772676163,-0.22852777,-0.217297815,0.960837616
-0.063905547,1.160663574,-0.249952711,0.02868172
0.174287856,0.751244809,0.310801452,0.494759668
1.580209898,-0.797594103,1.221302047,4.187531104
0.069715143,0.541385505,-0.182769277,3.033091879
-0.662293854,1.232762476,-0.249952711,-0.150579029
0.069715143,0.368863133,1.081135811,-0.301158059
1.487256374,-0.698458113,1.037149844,0.953667186
0.383433284,0.26200226,-0.224167834,2.301708021
-0.360194903,1.085989711,-0.249952711,1.168780086
0.151049476,0.46027424,1.533664867,0.09321559
1.50468516,-0.684295829,1.581398117,0.623827408
0.058095952,0.948229309,-0.223900171,0.674020417
-0.366004498,1.11560176,-0.249952711,0.02151129
0.052286357,0.614771888,0.93873905,-0.0717043
1.615067469,-0.760257172,2.320594337,0.01434086
0.017428786,0.878705368,-0.228985769,-0.337010209
-0.586769116,1.307436339,-0.249952711,-0.365691929
-0.168478261,0.861968123,0.47023943,0.724213427
1.35944528,-0.773131976,1.793476502,0.910644607
0.27886057,-0.182178476,-0.196598536,0.451737088
-0.551911545,1.071827427,-0.249952711,0.315498919
0.110382309,0.550397868,0.799732688,1.620517174
1.202586209,-0.636659054,1.856734211,0.989519336
-0.180097452,0.19762824,-0.228896548,0.0717043
-0.993440781,1.031915535,-0.249952711,-0.179260749
-0.360194903,0.26071478,1.169643071,-0.358521499
1.336206899,-1.154226172,1.067217331,-0.401544079
-0.168478261,0.159003828,-0.220866656,-0.437396228
-0.935344829,0.988141201,-0.249952711,-0.444566658
-0.063905547,0.568422593,0.501288348,-0.444566658
1.405922041,-1.258512084,0.942486333,-0.444566658
-0.127811095,0.070167681,-0.203825439,-0.444566658
-1.539542731,0.518210858,-0.249952711,-0.444566658
0.232383808,-0.337963603,1.547137242,-0.444566658
2.399362823,-2.29622128,2.637864314,-0.415884938
-0.14523988,-0.502761093,-0.180538751,-0.423055368
-1.481446779,0.419074868,-0.249952711,-0.444566658
-0.470577212,0.241402574,0.616740359,-0.444566658
1.405922041,-1.669218329,1.559628186,-0.444566658
0.319527737,-0.992003643,-0.196687757,-0.444566658
-0.668103449,0.372725574,-0.249952711,-0.444566658
0.342766118,-0.648246378,1.266001782,-0.10755645
1.754497754,-2.119836467,1.088362715,1.713732764
0.139430285,-0.475724005,-0.172330416,0.946496756
-0.395052474,0.511773456,-0.249952711,-0.286817199
0.383433284,-0.008368623,1.281347799,-0.157749459
2.306409299,-2.104386702,2.163208443,1.039712346
0.325337332,-0.469286603,-0.199096725,1.183120946
-0.348575713,0.927629623,-0.249952711,0.408714508
0.116191904,0.695883152,0.833190573,0.157749459
1.731259373,-1.317736182,1.775543075,-0.164919889
0.191716642,-0.477011485,-0.218903793,-0.243794619
-0.865629687,0.381737936,-0.249952711,-0.401544079
-0.139430285,0.018668466,1.27189037,-0.358521499
2.225074966,-2.249871986,2.185246037,-0.09321559
0.464767617,-0.307064074,-0.194903336,0.150579029
-0.447338831,0.81948127,-0.249952711,-0.250965049
0.040667166,0.184753436,0.691864464,-0.372862359
1.760307349,-2.014263074,1.799721974,-0.12189731
-0.214955023,-0.559410231,-0.216137941,0.358521499
-1.795164921,0.506623535,-0.249952711,0.07887473
-0.284670165,-0.72034528,1.929449349,-0.351351069
1.963643182,-2.270471673,1.798026774,0.430225798
0.214955023,-1.076977348,-0.197579967,0.229453759
-0.755247378,0.354700848,-0.249952711,-0.365691929
0.191716642,-0.144841544,1.265109572,-0.08604516
2.056596705,-1.982076065,1.930073896,0.939326327
0.313718141,-0.133254221,-0.219706782,0.207942469
-0.650674664,0.800169064,-0.249952711,-0.372862359
0.162668666,-0.303201632,1.774026317,-0.387203219
2.445839584,-2.124986388,2.462723435,1.333699975
-0.052286357,0.245265015,-0.224613939,2.258685442
-0.476386807,0.564560152,-0.249952711,0.03585215
0.238193404,-0.534948103,1.421246371,-0.415884938
2.457458775,-2.16489828,3.017856674,0.02151129
0.029047976,0.731932603,-0.228361222,0.473248378
-0.214955023,0.541385505,-0.249952711,0.207942469
0.470577212,-0.258139819,1.175263996,-0.344180639
2.068215895,-2.101811741,3.403826843,-0.394373649
0.226574213,-0.953379231,-0.219796003,-0.387203219
-1.806784111,0.439674554,-0.249952711,-0.423055368
-0.063905547,-1.133626486,1.594959714,-0.150579029
2.701461774,-2.938673996,3.235377541,1.068394066
-0.052286357,-1.47480879,-0.156984399,0.666849988
-2.190217395,0.049567995,-0.249952711,-0.207942469
-0.447338831,-1.460646506,1.576937066,-0.401544079
3.160419795,-3.711162232,3.934424298,-0.00717043
0.389242879,-2.981160849,-0.191959043,0.867622027
-1.568590707,-1.581669662,-0.249952711,2.65305909
-0.708770616,-2.292358839,0.492366245,-0.02868172
1.580209898,-2.987598251,1.603792595,-0.401544079
0.005809595,-1.988513467,-0.205877523,-0.437396228
-1.022488757,-0.765407093,-0.249952711,-0.444566658
0.162668666,-2.059324888,1.483790312,-0.236624189
2.306409299,-2.815075879,2.269916793,2.545502641
0.058095952,-0.482161407,-0.230680969,3.405954237
-0.801724139,0.756394731,-0.249952711,1.054053206
-0.017428786,0.204065642,1.353884495,0.02868172
1.824212897,-1.271386888,1.968795822,3.821839176
0.209145428,0.639234015,-0.196509315,7.672360072
-0.435719641,1.208300349,-0.249952711,7.414224592
-0.639055473,0.992003643,0.161088567,2.022061252
0.127811095,0.332813682,1.011543409,1.885823083
-0.238193404,1.035777976,-0.219439119,0.724213427
-0.9702024,0.992003643,-0.249952711,-0.03585215
0.087143928,-0.074030123,0.591401587,-0.351351069
1.562781112,-1.026765613,1.665265884,0.143408599
-0.098763119,0.480873927,-0.218011583,0.674020417
-0.453148427,1.308723819,-0.249952711,0.11472688
0.087143928,0.45898676,0.638421068,1.183120946
1.010869567,-0.298051711,1.102816521,2.115276842
-0.063905547,0.536235584,-0.201594914,0.831769877
-0.360194903,0.531085662,-0.249952711,-0.380032789
0.046476762,0.603184564,0.429197757,-0.179260749
0.888868067,-0.967541515,0.732103148,0.408714508
-0.55772114,0.104929652,-0.200167377,0.293987629
-1.005059972,0.644383937,-0.249952711,-0.430225798
-0.244002999,0.111367054,1.034383992,-0.415884938
1.487256374,-1.088564672,1.889924433,-0.11472688
0.307908546,-0.191190838,-0.184910581,-0.315498919
-0.69134183,0.434524633,-0.249952711,-0.408714508
-0.197526237,0.625071731,0.251647911,-0.315498919
1.35944528,-0.986853721,1.588446578,0.10755645
0.01161919,0.081755005,-0.20998169,0.200772039
-0.505434783,0.765407093,-0.249952711,0.301158059
0.139430285,0.308351554,0.700340462,-0.337010209
1.940404801,-1.289411613,1.996275899,-0.444566658
0.273050975,0.122954378,-0.20819727,-0.444566658
-0.917916043,1.013890809,-0.249952711,-0.444566658
0.046476762,0.155141387,0.636725869,-0.408714508
1.90554723,-1.232762476,1.587554368,-0.329839779
0.569340331,0.072742642,-0.21167689,-0.394373649
-0.354385308,1.129764045,-0.249952711,-0.365691929
0.307908546,0.39332526,0.732906137,-0.315498919
1.92878561,-1.403997368,1.666158094,-0.08604516
0.441529236,0.422937309,-0.186427339,-0.315498919
-0.505434783,1.187700662,-0.249952711,-0.329839779
-0.075524738,0.310926515,0.754943732,0.05019301
2.201836585,-1.846890623,1.558735976,2.502480061
0.493815593,-0.280026985,-0.194457231,1.742414484
-0.273050975,0.784719299,-0.249952711,-0.243794619
-0.238193404,0.910892378,0.181163298,-0.10038602
0.749437782,0.074030123,1.33264989,0.846110737
-0.023238381,0.88643025,-0.185535128,1.290677395
-0.499625188,1.044790339,-0.249952711,0.136238169
0.476386807,0.062442799,1.155546149,-0.394373649
2.457458775,-1.586819584,2.483511935,-0.207942469
0.336956522,0.092054848,-0.241030608,-0.337010209
-1.173538233,0.81948127,-0.249952711,-0.401544079
-0.302098951,-0.193765799,1.260202415,-0.430225798
3.160419795,-2.445569006,3.508483109,-0.308328489
0.976011996,-0.677858427,-0.188211759,-0.215112899
-0.69134183,0.061155319,-0.249952711,-0.215112899
0.191716642,-0.538810544,0.937400735,-0.344180639
2.893178416,-2.610366496,2.439436747,-0.02151129
0.54610195,-0.514348417,-0.197133862,0.05019301
-1.022488757,0.268439662,-0.249952711,-0.179260749
0.058095952,-0.894155133,1.172052039,-0.322669349
1.998500753,-1.939589212,1.218536195,0.03585215
0.325337332,-0.057292877,-0.243885681,0
-0.284670165,1.11431428,-0.249952711,-0.279646769
0.214955023,0.619921809,0.719612204,-0.215112899
1.77192654,-1.160663574,1.625384084,0.09321559
0.435719641,0.16544123,-0.192315927,0.258135479
-0.058095952,0.957241672,-0.249952711,0.487589238
0.087143928,0.905742456,0.373434614,0.301158059
1.789355325,-1.019040731,2.307568067,2.323219311
0.435719641,0.762832133,-0.198561399,2.093765552
-0.325337332,1.109164358,-0.249952711,0.451737088
0.238193404,0.111367054,0.678570531,-0.258135479
0.906296853,-0.271014623,0.640830036,0.351351069
-0.075524738,1.097577035,-0.211052343,0.200772039
-0.284670165,1.236624917,-0.249952711,-0.329839779
0.273050975,0.501473613,0.749322807,-0.358521499
1.464017993,-0.900592535,0.674287922,0.143408599
0.302098951,0.133254221,-0.202308682,-0.157749459
-0.325337332,0.838793476,-0.249952711,-0.394373649
0.185907047,0.107504613,0.737813294,-0.05736344
1.952023991,-1.477383751,2.286065799,1.154439226
0.319527737,0.200203201,-0.185267465,2.079424692
-0.807533734,0.666271103,-0.249952711,0.172090319
0.290479761,-0.305776593,0.97862085,-0.11472688
3.1546102,-2.562729722,3.699059225,0.02151129
1.010869567,-0.335388642,-0.200167377,0.0717043
-0.54610195,0.932779545,-0.249952711,-0.408714508
0.348575713,-0.071455162,1.60075908,-0.380032789
2.19602699,-1.209587829,2.615291394,1.434085995
0.395052474,0.94951679,-0.142084488,1.842800503
0.023238381,1.122039162,-0.249952711,0.136238169
0.563530736,0.628934172,0.857726356,-0.315498919
2.097263872,-0.91861726,1.499403992,1.986209103
0.55772114,0.156428868,-0.215781057,2.151128992
-0.13362069,0.847805839,-0.249952711,0.04302258
0.621626688,-0.22981525,0.794290205,-0.293987629
1.661544231,-0.959816633,0.772698716,0.229453759
0.772676163,-0.290326829,-0.193921905,0.243794619
0.116191904,0.397187701,-0.249952711,-0.179260749
0.761056973,0.046993034,0.643595888,1.900163943
1.812593706,-1.109164358,1.72477631,4.696631633
0.41248126,0.084329966,-0.207215838,4.653609053
-0.348575713,1.151651211,-0.249952711,2.64588866
0.162668666,0.26328974,0.655194622,1.197461806
1.312968518,-0.892867652,1.403491387,0.07887473
-0.737818592,0.086904927,-0.204271544,-0.322669349
-2.73050975,-0.122954378,-0.249952711,-0.380032789
-0.580959521,-1.37696028,1.332828332,-0.437396228
2.869940035,-3.200032516,3.299438239,-0.423055368
-0.139430285,-0.874842927,-0.19695542,-0.394373649
-2.074025491,0.22981525,-0.249952711,-0.423055368
-0.377623689,-0.91732978,1.397602799,-0.430225798
2.440029989,-2.638691065,2.638488861,-0.329839779
0.40086207,-0.828493633,-0.197401525,-0.01434086
-0.708770616,0.533660623,-0.249952711,-0.286817199
-0.075524738,0.222090368,0.406357174,-0.408714508
1.847451277,-1.609994231,1.82024281,-0.301158059
0.180097452,-0.466711642,-0.214085858,-0.229453759
-1.644115445,0.882567809,-0.249952711,-0.286817199
0.087143928,-0.496323691,1.33006248,-0.444566658
2.86413044,-2.596204212,2.528122449,-0.351351069
0.883058472,-0.811756388,-0.183126161,-0.344180639
-0.923725639,0.383025417,-0.249952711,-0.12189731
-0.302098951,-0.210503044,0.6394025,-0.243794619
2.532983512,-2.180348045,2.812559088,0.874792457
0.592578712,-0.486023848,-0.185445907,1.011030626
-0.55772114,0.801456544,-0.249952711,-0.286817199
0.273050975,0.204065642,0.549824587,0.186431179
1.551161922,-0.870980486,1.259310205,1.742414484
0.633245878,0.281314466,-0.15439699,1.211802666
-0.046476762,0.607047005,-0.249952711,0.666849988
0.220764618,0.437099593,0.460246675,-0.207942469
1.824212897,-1.743892192,1.264663467,0.516270958
0.168478261,-0.303201632,-0.185089023,-0.0717043
-0.470577212,0.815618829,-0.249952711,-0.157749459
0.354385308,-0.222090368,0.551430566,-0.387203219
1.713830588,-1.778654162,1.265734119,-0.215112899
0.389242879,-0.619921809,-0.215602615,0.473248378
-0.801724139,-0.012231064,-0.249952711,-0.243794619
-0.273050975,-0.585159838,1.231205581,-0.423055368
1.708020992,-2.415956957,2.185602921,-0.265305909
-0.023238381,-1.380822721,-0.188390201,-0.279646769
-1.527923541,0.157716348,-0.249952711,-0.344180639
-0.139430285,-0.643096456,1.072124487,-0.423055368
2.004310348,-2.175198123,2.322735642,-0.337010209
-0.325337332,-1.796678888,-0.217565478,-0.344180639
-2.405172418,-0.779569378,-0.249952711,-0.444566658
-0.389242879,-1.389835084,1.291251333,-0.344180639
2.776986511,-2.659290751,2.661507887,3.133477898
0.54610195,-1.091139633,-0.191512937,2.258685442
-0.366004498,0.796306623,-0.249952711,0.215112899
0.13362069,0.355988329,1.006547031,0.301158059
2.312218894,-1.741317231,2.35467677,3.276886498
0.639055473,-0.180890995,-0.216851709,4.201871964
-0.517053974,0.940504427,-0.249952711,1.842800503
-0.639055473,0.730645123,0.099704499,1.340870405
0.720389806,-0.366288172,1.321675704,3.355761228
-0.42410045,0.486023848,-0.203557776,1.247654815
-0.883058472,0.916042299,-0.249952711,-0.186431179
-0.203335832,0.321226358,0.198115293,-0.344180639
1.655734635,-1.437471858,1.666782641,0.10038602
0.180097452,-0.233677691,-0.200256598,0.07887473
-1.394302851,0.677858427,-0.249952711,-0.351351069
-0.01161919,0.178316034,1.064005374,-0.308328489
1.568590707,-1.294561535,1.310790738,0.02868172
-0.255622189,0.13196674,-0.204985313,0.423055368
-0.981821591,0.767982054,-0.249952711,0.172090319
0.255622189,0.22852777,0.784832776,2.065083832
2.103073467,-1.340910829,2.039101993,3.599555847
0.331146927,0.354700848,-0.215781057,0.451737088
-0.580959521,0.679145907,-0.249952711,-0.11472688
0.244002999,0.372725574,0.935973198,-0.358521499
2.074025491,-1.646043682,3.080935941,-0.293987629
0.197526237,-0.254277378,-0.18910397,-0.430225798
-0.964392805,0.868405525,-0.249952711,-0.408714508
0.023238381,0.379162976,0.507087715,0.03585215
1.063155924,-1.143926329,1.072659814,-0.06453387
-0.458958022,-0.135829181,-0.205966744,-0.293987629
-0.883058472,0.32766376,-0.249952711,-0.351351069
-0.331146927,0.358563289,0.352200009,-0.437396228
0.9702024,-0.992003643,0.685797435,-0.444566658
0.197526237,-0.103642172,-0.193386579,-0.444566658
-0.42410045,0.765407093,-0.249952711,-0.444566658
-0.040667166,0.323801319,0.327396564,-0.423055368
1.661544231,-1.544332731,0.750036575,-0.236624189
0.790104949,-0.734507564,-0.153504779,0
-0.26724138,0.804031505,-0.249952711,-0.380032789
-0.191716642,0.149991466,0.935170209,0.172090319
1.655734635,-1.2443498,1.134133102,1.591835454
0.499625188,-0.269727142,-0.18651656,0.509100528
-0.27886057,0.532373142,-0.249952711,-0.12906774
0.174287856,0.198915721,0.760564656,0.05736344
1.278110947,-1.106589398,0.738883946,0.552123108
-0.313718141,0.291614309,-0.218546909,-0.05736344
-0.528673164,0.435812113,-0.249952711,-0.351351069
0.156859071,-0.152566427,0.957297024,-0.258135479
2.225074966,-1.931864329,3.044087656,-0.11472688
0.406671665,-0.498898652,-0.212212216,-0.01434086
-0.319527737,0.442249515,-0.249952711,0.09321559
0.319527737,-0.102354691,0.831673816,0.889133317
1.975262372,-1.465796427,1.688909456,0.602316118
0.418290855,0.00064374,-0.191066832,-0.08604516
-0.354385308,0.898017574,-0.249952711,-0.365691929
0.360194903,0.16544123,0.837383962,-0.401544079
2.079835086,-1.740029751,1.207562008,-0.322669349
0.354385308,-0.451261878,-0.181074077,-0.243794619
-0.092953523,0.522073299,-0.249952711,-0.365691929
0.238193404,0.216940446,0.472559177,-0.315498919
2.225074966,-1.889377476,2.023042208,0.265305909
0.720389806,-0.422937309,-0.169029238,-0.222283329
-0.41248126,0.708757956,-0.249952711,-0.401544079
0.499625188,-0.126816819,0.941148018,-0.358521499
2.236694157,-2.207385133,2.388134656,-0.00717043
0.592578712,-0.331526201,-0.185178244,-0.250965049
0.185907047,-0.126816819,-0.249952711,-0.301158059
0.615817092,-0.659833701,0.392527914,-0.344180639
2.033358324,-2.149448516,1.513679357,-0.243794619
1.022488757,-0.909604897,-0.162872987,0
0.313718141,0.429374711,-0.249952711,-0.265305909
0.743628187,-0.653396299,0.465153831,0.05019301
2.486506751,-2.171335682,1.924631413,1.140098366
0.865629687,-1.173538378,-0.16135623,-0.222283329
