Temperatura,Humedad,Radiacion,Precipitacion,V_Viento
-0.459651686,0.590547139,-0.092268172,-0.272476339,-0.185911212
0.07793178,-0.040548668,0.982713845,-0.365691929,-0.084052014
1.912812055,-2.019974787,2.52871826,-0.164919889,2.53359446
0.415474141,-0.430769709,-0.001361524,-0.164919889,0.534298525
-0.536665351,0.682826935,-0.092268172,-0.250965049,-0.037394655
-0.233795341,-0.920554933,0.885108538,-0.344180639,1.967747503
1.243344038,-1.759097899,3.121194939,-0.279646769,3.03771879
0.129940307,-0.667016875,-0.025481393,-0.286817199,0.660104753
-0.645921062,-0.071711473,-0.092268172,-0.337010209,0.282348787
-0.286127909,-0.548539416,0.995401737,-0.150579029,0.50371828
1.462719569,-1.70430711,2.251859767,-0.02151129,2.634554239
0.074313326,-0.555181384,-0.014712577,0.143408599,1.436528176
-0.700143867,0.058329542,-0.092268172,-0.179260749,-0.029412312
-0.637658025,0.258492313,0.752875384,0.03585215,-0.316664244
0.747831852,-1.209034096,1.551444143,0.293987629,2.056677553
-0.599259206,0.299585404,-0.060182999,0.02868172,0.345645397
-1.128633642,-0.0585582,-0.092268172,-0.150579029,-0.300024993
-0.894568267,-0.031500348,0.681917868,-0.329839779,-0.366694424
0.875611888,-1.476661837,1.989791969,-0.222283329,2.2462301
-0.030081775,-0.605725669,-0.052086941,-0.250965049,0.361497656
-0.790119159,0.230291172,-0.092268172,-0.387203219,-0.110360019
-0.327713128,-0.261345093,1.134225594,-0.365691929,0.094370223
1.485456423,-1.776802553,1.984245961,-0.172090319,2.550908275
-0.010693342,-0.280073263,-0.034348568,-0.351351069,0.899012916
-0.527484199,-0.568095111,-0.092268172,-0.401544079,0.173406665
-0.423737178,-0.679832605,0.704032163,-0.437396228,0.208596432
1.380359233,-1.722490858,1.880489152,-0.401544079,1.981913351
-0.054330818,0.059505497,-0.039917374,-0.401544079,0.429853498
-0.816096419,0.889882109,-0.092268172,-0.430225798,-0.240326059
-0.141875805,0.17602303,1.381253929,0.717042997,-0.01625831
2.106966421,-2.150941322,2.970503926,1.785437063,2.728543521
0.296227176,-0.463859774,-0.031091102,0.580804828,0.598382127
-0.659422757,1.070020981,-0.092268172,-0.09321559,-0.03548339
-0.406887064,0.904472661,0.623474576,0.08604516,0.097743044
0.841263577,-0.844096086,1.576979515,0.752895147,1.952120098
-0.357740896,0.539371323,-0.036439972,-0.05019301,0.085488461
-0.803242806,1.194585095,-0.092268172,-0.143408599,-0.284060307
-0.408561274,0.768638979,0.645991863,-0.301158059,-0.167248268
0.892894057,-0.810428932,1.654022149,-0.258135479,1.775609126
-0.235739585,0.296634629,-0.021046465,-0.344180639,0.476510857
-0.925406137,0.829810412,-0.092268172,-0.337010209,-0.397499524
-0.175684048,0.17908269,1.118889083,0.01434086,0.35789998
1.55723143,-1.692972211,1.977819539,0.09321559,2.777674282
0.106717393,0.011661553,-0.030425259,-0.322669349,0.557121281
-0.809345572,1.026880857,-0.092268172,-0.401544079,-0.424819375
-0.057841259,0.109657796,1.225645872,-0.394373649,0.198028259
1.870956803,-1.884347986,2.602691849,0,2.989375021
0.564748875,-0.844694952,-0.044529995,0.337010209,0.552961469
-0.622212087,0.926946466,-0.092268172,-0.00717043,-0.176130031
0.004590576,0.223790754,1.203965415,0.752895147,0.16036509
1.699971344,-1.783139644,2.406334617,0.810258587,3.222999097
0.314535474,-0.393563802,0.071509032,0,0.342272576
-1.008792602,0.56233511,-0.092268172,-0.430225798,-0.699704296
-0.300871759,-0.112989669,0.985988745,-0.215112899,-0.510713886
2.634180586,-2.472281892,3.23304043,1.240484385,1.924912674
0.598827152,-0.529680584,-0.011389398,1.369552125,1.235283182
-0.970879844,0.842462816,-0.092268172,0.286817199,-0.335102333
-0.59299442,0.422646909,0.59958336,-0.408714508,-0.426393358
2.460872836,-2.279904378,2.942759808,-0.236624189,1.923900828
0.62853088,-0.516625306,0.01360418,-0.143408599,0.468528513
-0.571445716,0.477100155,-0.092268172,-0.143408599,-0.61189852
0.285533834,-0.185626662,1.158828249,0.523441388,-0.225260792
2.66998708,-2.337569723,3.036453204,2.387753181,1.942451344
0.365625886,-0.244555069,-0.076534703,0.473248378,-0.407168278
-0.398948067,0.946349722,-0.092268172,-0.10755645,-0.59863209
0.179572536,-0.064906179,1.112551842,-0.279646769,-0.134869186
2.061222681,-1.887048327,2.364503867,2.63871823,1.028079538
0.09888641,0.086966222,-0.079039157,4.481518733,-0.412452364
-0.348667757,0.653417174,-0.092268172,1.498619864,-0.515210981
-0.496160267,0.842092607,0.30365682,0.344180639,-0.40964168
0.369892421,-0.006892402,1.192906256,0.767236007,0.09965431
-0.404348745,0.937421175,-0.065290476,0.968008046,-0.645177022
-0.627450744,1.059524495,-0.092268172,0.501930098,-0.658331024
0.059677489,0.242562479,1.087667561,-0.11472688,-0.234254981
1.393374867,-1.081040114,2.268593006,1.426915565,0.704850847
0.024843118,0.59666646,-0.055650843,1.828459643,0.024103117
-0.631825293,1.099866281,-0.092268172,1.914504803,-0.145324931
-0.189455776,0.470665068,0.80520003,1.197461806,-0.254379481
1.363077064,-1.022688795,2.082918762,1.591835454,1.027180119
0.107041434,0.140167293,0.078811845,0.860451597,0.061091722
-0.672168356,0.943268284,-0.092268172,0.200772039,-0.211094943
-0.222507924,0.489306131,0.731302883,0.02151129,-0.368493262
0.96542516,-0.556161346,1.548697626,1.771096203,0.670560499
0.12972428,-0.102427851,-0.036815472,2.251515012,-0.018844139
-0.739892856,1.045271485,-0.092268172,4.495859593,-0.336001752
-0.609196453,0.519358313,0.971438773,0.709872567,-0.255166472
0.941608171,-0.922460415,2.014390601,-0.11472688,0.76286337
0.256424181,-0.111051521,0.037394816,-0.222283329,-0.216603884
-0.715535799,1.08427399,-0.092268172,-0.358521499,-0.431789872
-0.594938664,1.037714886,0.202288462,-0.09321559,-0.276302818
0.230230894,-0.27532589,1.183128492,2.086595122,-0.371191519
0.026625341,0.105149969,0.003325526,2.079424692,-0.208621541
-0.696093359,1.161397034,-0.092268172,-0.12906774,-0.406156431
-0.324094673,0.576174357,0.667495298,-0.415884938,-0.42032228
1.50025428,-1.171229323,2.44905651,0.229453759,0.608275735
-0.068156554,-0.184472484,-0.068303867,0.616656978,-0.19198229
-0.759605329,0.645479478,-0.092268172,-0.150579029,-0.618756589
-0.09235159,0.146482607,0.762964947,-0.222283329,-0.567939418
1.692518409,-1.404950364,2.497998971,0.236624189,1.278455292
0.253129767,-0.055378766,0.053248981,0.06453387,0.234005018
-0.644246852,0.971469426,-0.092268172,-0.351351069,-0.339487
0.018902372,-0.005738224,0.983847051,-0.329839779,-0.240326059
1.857941169,-1.506692241,2.625154822,0.932155897,1.718383594
0.480876349,-0.296416859,-0.015604391,0.838940307,0.371053983
-0.427031592,0.833055176,-0.092268172,-0.164919889,-0.333191068
0.243894608,-0.113784527,0.873957515,-0.10038602,-0.34207283
1.730917228,-1.521674778,2.114352173,2.344730601,1.373231566
0.318099921,-0.005182912,-0.061835201,2.81080855,-0.007376547
-0.423737178,0.928176863,-0.092268172,0.200772039,-0.311380158
0.113036186,0.150533118,0.875328762,-0.05736344,-0.137455015
1.786922256,-1.603817407,2.04638391,0.537782248,1.975842273
0.191994095,-0.086095144,-0.009475687,0.623827408,0.457173349
-0.60757625,0.931214747,-0.092268172,0.236624189,-0.315764825
-0.313779379,0.451882455,0.529312474,0.394373649,-0.328918828
1.333859398,-1.296860507,1.433686532,1.333699975,1.829236982
0.288828248,-0.344750784,-0.051348681,0.580804828,0.437835841
-0.544766367,0.556520666,-0.092268172,0.315498919,-0.222674962
-0.427409639,0.402993218,0.586592386,0.02151129,0.012635525
1.316145174,-1.065066726,1.89055927,1.032541916,1.316905453
0.27538056,-0.136116782,-0.015255712,0.745724717,0.351828902
-0.630637144,1.008207128,-0.092268172,0.03585215,-0.365682578
-0.032674101,0.369990261,0.972924682,0.04302258,0.426368249
1.633543007,-1.599516461,2.337472529,0.552123108,2.400143171
0.202255383,-0.209167537,-0.009733843,0.11472688,0.430865344
-0.638468127,0.866885657,-0.092268172,0.12906774,-0.203337454
-0.149598774,0.483774788,0.869974528,0.08604516,-0.006701983
1.63467715,-1.729209045,2.221429479,1.498619864,2.870876572
0.155323493,-0.695751551,0.043309618,0.293987629,1.056073953
-0.88295681,0.841744176,-0.092268172,0.781576867,-0.378049589
-0.315075542,0.283699124,0.909056079,0.322669349,-0.064489652
1.331105052,-1.790609135,1.562630704,0.910644607,2.875261239
0.208790203,-0.832684968,-0.01619111,0.702702137,0.58623997
-0.740162889,0.769216068,-0.092268172,0.394373649,-0.376475605
-0.203497539,0.301850206,0.635310887,0.172090319,-0.210420379
1.759864861,-1.734620615,2.436850734,0.200772039,2.272538105
0.180922706,-0.206380088,-0.009553469,-0.02151129,0.49303768
-0.702034104,0.886278025,-0.092268172,-0.05019301,-0.316664244
-0.117626762,0.230857372,0.795594595,0.265305909,-0.104963505
1.832017916,-1.641458853,1.825080708,0.0717043,2.463327353
0.465430411,-0.505170634,0.005049475,0.02151129,0.890918145
-0.602985674,0.745370315,-0.092268172,-0.08604516,-0.139253853
-0.08111818,0.148518751,0.951641853,-0.215112899,-0.176242458
2.081259195,-2.004796258,2.734821069,0.179260749,3.145649066
0.11514245,-0.43859852,0.037830664,0.415884938,0.514286453
-0.830462222,0.282185627,-0.092268172,-0.136238169,-0.64697586
-0.063890018,-0.416974015,1.12514787,0.265305909,-0.38355853
2.455094111,-2.403673634,2.905915167,2.67457038,1.764928526
0.583057173,-0.397788529,0.003459633,3.563703697,0.077618545
-0.214352901,0.567855565,-0.092268172,0.523441388,-0.371978511
-0.231419043,0.752807141,0.65401148,-0.172090319,-0.404357593
1.672967955,-1.599745119,1.883922299,1.498619864,0.000380941
0.811829884,-0.73051844,0.010620963,2.394923611,-0.151508437
-0.11984104,0.727088572,-0.092268172,1.814118783,-0.550400748
-0.297199298,0.908958711,0.709653941,0.630997838,-0.365795005
1.290059901,-0.893878178,2.158788628,2.394923611,0.43873526
0.09251361,0.65088016,-0.039977052,5.980138598,-0.592448585
-0.401648406,1.047078972,-0.092268172,1.943186523,-0.417848878
0.040505083,0.22282168,1.049944518,0,-0.541518986
2.172368629,-1.652826417,2.663436422,2.136788132,0.963883509
0.277810865,0.591298444,-0.064331609,1.520131154,-0.239314213
-0.311349074,0.916079771,-0.092268172,0.552123108,-0.286870991
0.103260959,0.247244522,0.951710918,-0.04302258,-0.469565468
2.278815988,-1.668582035,3.378746674,-0.06453387,1.660483498
0.458031482,0.023290441,-0.038506565,-0.01434086,0.279762958
-0.460731821,0.886648233,-0.092268172,-0.200772039,-0.307107918
-0.076581611,0.477699021,0.751236592,-0.387203219,-0.210307951
2.009538194,-1.689945216,3.102776642,-0.265305909,2.212839171
0.634633646,-0.476239966,-0.016527719,-0.229453759,0.779390193
-0.417796433,0.77725176,-0.092268172,-0.229453759,-0.333415922
-0.044231551,0.326719475,0.700255701,-0.243794619,-0.186698204
2.003327415,-1.53013512,2.749439436,0,2.213851017
0.527268171,-0.229637864,0.008589238,0.286817199,0.96039826
-0.408021206,0.644205527,-0.092268172,-0.08604516,-0.319250074
-0.053898764,0.332414146,0.586375802,1.993379533,-0.321048912
2.10161975,-1.855939964,2.555684557,0.996689766,2.6528799
0.606334094,-0.260659119,-0.004686044,0.164919889,0.698667341
-0.29817142,0.929233045,-0.092268172,1.685051044,-0.252468215
0.049092161,0.35297158,0.748093117,1.591835454,-0.018956566
1.961742196,-1.761068712,2.404581164,0.960837616,2.623086647
0.095808024,-0.248660023,-0.058011131,1.398233845,0.377237488
-0.567233187,0.660941107,-0.092268172,-0.143408599,-0.404582448
-0.356822781,0.709808567,0.73137463,-0.215112899,-0.471251879
1.52774373,-1.358227933,1.953498509,0.186431179,1.542659614
0.276244668,-0.035202428,0.000304088,0.401544079,0.054008797
-0.48271258,0.903166044,-0.092268172,-0.380032789,-0.573111077
0.102180824,0.144326689,0.858363518,-0.430225798,-0.249882386
2.274549453,-2.294745365,2.998730832,-0.444566658,2.812864049
0.592886406,-0.562030232,0.065942237,-0.444566658,0.537109209
-0.624426365,0.362760316,-0.092268172,-0.444566658,-0.446630285
-0.072153055,-0.264731407,0.952469965,-0.444566658,-0.245497719
2.524060766,-2.613461814,2.6792812,-0.387203219,2.200584587
1.018675842,-1.343539385,0.04731138,-0.358521499,0.716993003
-1.015759476,0.227688827,-0.092268172,-0.408714508,-0.325433579
-0.291960641,-0.603950848,1.17703868,-0.04302258,-0.363996167
3.148379117,-2.479294068,3.325610008,0.530611818,1.662169909
0.723474795,0.301675991,-0.071901295,0.207942469,-0.279788067
0.035050399,0.887551976,-0.092268172,0.523441388,-0.6619287
0.478122004,-0.230792042,1.164501659,0.10038602,-0.0786555
2.862197202,-2.386763837,2.077039498,0.286817199,0.849769728
1.213046236,-1.092353236,-0.02815214,0.838940307,-0.018057147
-0.338622497,-0.501457666,-0.092268172,-0.164919889,-0.490589387
0.177358258,-1.351085095,1.180448358,-0.394373649,-0.377262597
3.135849545,-3.474141042,3.028595858,-0.272476339,1.228312685
0.701224003,-1.861536638,0.047605075,-0.394373649,0.364083486
-1.70591209,-0.463805331,-0.092268172,-0.444566658,-0.276190391
-0.884198966,-1.126194605,1.186791633,-0.250965049,-0.365120441
2.993865726,-3.225535461,3.201689495,0.337010209,1.36704806
0.844395971,-0.561148266,-0.04046185,0.444566658,0.692483836
-0.258044384,0.492518231,-0.092268172,-0.344180639,-0.153419702
0.109525745,-0.023802199,1.213197361,-0.337010209,-0.064602079
2.626781657,-2.596987556,3.289466078,-0.11472688,2.03284295
0.006426807,-0.045459368,-0.05194814,-0.164919889,0.346432389
-0.777373559,0.661060881,-0.092268172,-0.380032789,-0.214692619
-0.048498086,-0.149400717,1.057775714,-0.293987629,-0.245385291
2.270120897,-2.192970822,2.690264588,2.158299422,1.970558187
0.308162674,-0.278919085,-0.031290251,1.606176314,0.083689623
-0.62701869,0.774986958,-0.092268172,-0.229453759,-0.290356239
0.015661966,-0.10157855,1.048042876,1.484279004,-0.234929546
2.282920503,-2.17602836,2.675596602,2.968558009,1.554239633
0.360765276,-0.104104676,-0.057405637,0.881962887,0.252330679
-0.62048387,1.029896964,-0.092268172,-0.11472688,-0.40964168
-0.309188803,0.463783554,0.900419568,-0.286817199,-0.236053819
2.000303035,-1.700006164,2.586442067,0.10755645,1.327473626
0.480930356,-0.253254958,-0.030043724,0.745724717,0.527328028
-0.393979444,0.837454119,-0.092268172,0.451737088,-0.329705819
0.148356619,0.159581438,1.078371243,-0.293987629,-0.068986746
2.389313856,-2.126213603,3.106556456,-0.229453759,2.400817735
0.222021863,-0.088457942,0.004348094,-0.03585215,0.408829579
-0.67378856,0.815056533,-0.092268172,-0.03585215,-0.386818924
-0.016634088,0.243455334,1.093920314,-0.05019301,-0.194680547
2.183115978,-2.039388932,3.227061926,0.573634398,3.109672307
0.536233297,-0.849322553,-0.00890506,0.724213427,0.741727024
-0.45219875,0.208960656,-0.092268172,0.437396228,-0.187372768
-0.333653873,0.382359565,0.687598654,0.12189731,-0.269219894
1.555287186,-1.651476247,1.848581001,0.372862359,2.384290911
0.547088659,-0.792702501,-0.012247685,0.580804828,0.745999264
-0.420820812,0.476011308,-0.092268172,-0.265305909,-0.365008014
0.102990925,0.104093787,1.272012131,-0.272476339,-0.09619417
2.425012336,-2.158356371,3.016115161,0.315498919,2.807579962
0.49745643,-0.15957055,-0.068293138,0.215112899,0.301686295
-0.693014972,0.953372786,-0.092268172,-0.250965049,-0.326220571
0.004644583,0.011813992,1.43623457,0.03585215,-0.105862924
2.643901806,-2.345921181,2.910441288,3.133477898,1.33714238
-0.077985787,0.674856574,-0.075183572,5.49971979,-0.239314213
-1.023482446,1.304732872,-0.092268172,1.928845663,-0.391428446
-0.559834258,0.341364469,1.369229868,-0.229453759,-0.363996167
2.083419466,-1.453033854,2.927087358,0.566463968,1.283626951
0.303896139,0.27140604,-0.01825368,1.555983304,0.216578775
-0.39068503,0.998091738,-0.092268172,0.903474177,-0.267421056
0.005886739,0.43503799,0.637123347,-0.265305909,-0.336001752
1.882136206,-1.509817233,2.968239525,0.07887473,1.655986403
0.479634193,-0.27247311,0.031999679,-0.272476339,0.49135127
-0.411531647,0.713869967,-0.092268172,-0.401544079,-0.147236196
-0.009451186,0.25139303,0.810206926,-0.229453759,-0.103389522
1.654713664,-1.467232421,2.585376584,0.480418808,1.53040503
0.585271451,-0.381281606,-0.011475227,0.401544079,0.371053983
-0.585487478,0.807554376,-0.092268172,-0.02151129,-0.334989906
-0.03251208,0.070709734,0.81358643,-0.157749459,-0.443257464
1.238645448,-0.928067978,1.210848472,0.573634398,0.704850847
0.317667867,0.15963588,-0.04309907,0.996689766,0.067275227
-0.357200828,1.124398008,-0.092268172,1.297847825,-0.330717666
-0.079011916,0.772428167,0.499472929,3.750134876,-0.132170929
1.250256906,-0.996240698,1.363375414,0.580804828,1.998552602
0.169203235,-0.119947402,-0.0410251,0.308328489,0.502931289
-0.635983815,0.923908582,-0.092268172,-0.136238169,-0.24201247
-0.230932982,0.500706361,0.922238156,-0.12189731,-0.14453794
1.662544647,-1.521065024,1.839776186,-0.07887473,2.555517797
0.211490542,-0.272179122,0.040410889,-0.322669349,0.466842103
-0.469588933,0.773408129,-0.092268172,0,-0.515997973
0.087274953,0.443661659,0.863337558,-0.157749459,-0.145437359
1.780171409,-1.473046864,1.517667878,-0.11472688,2.355172222
0.423737178,-0.23878418,-0.001476857,-0.09321559,0.384994977
-0.387066576,0.824899711,-0.092268172,0.172090319,-0.436174539
0.055951022,0.657249916,0.6870059,0.193601609,-0.06111683
1.743014746,-1.342014999,1.231940869,0.01434086,2.162921418
0.525972009,-0.489393239,-0.027973778,0.164919889,0.54947622
-0.476123753,0.736169557,-0.092268172,1.477108575,-0.226947202
-0.059299442,0.300129828,1.08180439,0.889133317,0.07143504
1.776120901,-1.384240491,2.10322462,0.846110737,2.515943362
0.487789217,-0.445120714,-0.03167648,0.301158059,0.967481185
-0.859787902,0.827131848,-0.092268172,0.12906774,-0.509027476
-0.193020224,-0.086018925,1.047486331,0.580804828,-0.092708922
1.454780573,-1.074409035,1.381440338,0.530611818,1.366036214
0.279701102,-0.199847006,-0.039409778,-0.02868172,0.237602694
-0.459057611,0.766962154,-0.092268172,-0.236624189,-0.531175668
0.086032797,0.458154215,0.786832023,-0.09321559,-0.288669829
1.909679662,-1.394301439,2.276643467,0.186431179,1.687578495
0.704356396,-0.4170829,0.025968873,0.301158059,0.408717152
-0.242814473,0.825607462,-0.092268172,-0.179260749,-0.3702921
0.150300863,0.392986713,0.630862548,0.279646769,-0.411552945
1.871658891,-1.240806656,2.165319654,3.606726277,1.18705184
0.623940304,0.003495199,-0.038389892,3.126307468,0.241874934
-0.240924236,1.043692657,-0.092268172,0.623827408,-0.445730866
0.015445938,0.6448915,0.682554878,1.025371486,0.002067352
1.170056841,-0.588685211,1.580709709,0.960837616,0.939374342
0.360441235,-0.124030579,-0.058487212,0.250965049,0.141814574
-0.496160267,0.733643432,-0.092268172,0.243794619,-0.521282059
-0.085006668,0.374781188,0.705196885,-0.03585215,-0.188497042
1.685443521,-1.281148443,1.826605508,0.724213427,0.542280868
0.444529788,0.117410388,-0.048637031,0.996689766,0.176891913
-0.394519512,1.011952763,-0.092268172,0.666849988,-0.612573084
0.109471739,0.589904719,0.827003196,1.132927936,-0.480920633
1.291896131,-0.673016422,2.117357518,3.599555847,0.743413435
0.490111508,0.276665172,-0.00510513,1.484279004,-0.356351106
-0.238385917,1.127022129,-0.092268172,0.236624189,-0.295752753
-0.213002732,1.036963582,0.155503118,0.365691929,-0.195467539
-0.299197549,0.506237705,0.738712311,2.057913402,-0.177704014
-0.176062096,0.597004003,-0.012196053,1.799777923,-0.805048743
-0.448418276,1.098189457,-0.092268172,0.688361277,-0.818315173
0.037102656,0.56724581,0.746694378,0.559293538,-0.616395615
0.906125718,-0.416952238,1.500916534,2.287367162,0.013647371
-0.110065813,0.940208624,-0.053921529,3.685601006,-0.582779831
-0.394843552,1.168311213,-0.092268172,3.076114459,-0.438872796
-0.587593742,0.673168861,0.326485906,0.473248378,-0.340386419
0.073503225,0.143248731,0.853726087,0.501930098,-0.563442323
-0.082090302,0.526130942,-0.047067976,0.322669349,-0.650461108
-0.779695851,0.915818448,-0.092268172,0.05736344,-0.746136801
-0.02446507,-0.038850066,1.543915359,-0.236624189,-0.577495744
2.098973418,-1.870552293,1.975463944,0.595145688,0.290331131
0.338136436,0.120546268,-0.047591665,3.226693488,-0.176242458
-0.416716297,0.846339111,-0.092268172,1.419745135,-0.596046261
-0.131020443,0.363685836,0.641969314,0.215112899,-0.652147519
0.564856889,-0.397113443,1.109704073,0.10755645,-0.351854011
-0.166124848,0.584427818,-0.037941303,0.717042997,-0.650461108
-0.600339342,0.815513849,-0.092268172,-0.157749459,-0.363209176
-0.085600743,-0.321950325,1.502842986,-0.401544079,-0.415038194
1.554423078,-1.464052987,2.461146284,-0.10038602,0.919924407
0.056221056,0.020056564,-0.076428087,-0.10038602,-0.088324254
-0.501614952,0.97827472,-0.092268172,-0.301158059,-0.403683029
-0.000594075,0.248834239,1.181020996,-0.322669349,-0.555572407
2.239769088,-1.722196869,3.249559097,1.011030626,1.13702166
0.446366018,0.15265637,-0.072740137,2.222833292,0.27965053
-0.329657372,0.97592281,-0.092268172,1.362381695,-0.140940264
0.018956379,0.46274915,0.869029742,0.451737088,-0.219077286
1.567438711,-1.141133588,1.833328978,2.316048881,0.238389685
-0.145116212,0.812323526,-0.073490467,5.592935379,-0.473050717
-0.428219741,1.098265676,-0.092268172,1.362381695,-0.437073958
0.023168908,0.430965701,1.048415024,-0.250965049,-0.492275797
1.662760674,-1.154613516,2.404944595,1.283506965,1.228312685
0.26430917,0.206565192,-0.071942198,1.957527383,-0.108561181
-0.523973758,1.029788079,-0.092268172,0.272476339,-0.28945682
0.052656608,0.251970119,0.962020417,-0.372862359,-0.325433579
1.896393995,-1.733357552,2.893744929,-0.02868172,2.210478196
0.697551542,-0.665699369,-0.027404492,-0.00717043,0.561618376
-0.351260083,0.860635674,-0.092268172,-0.10755645,-0.509926895
-0.04709391,0.362684097,0.76921837,0.12906774,-0.291255658
1.642778166,-1.332454921,2.076477589,1.749584914,0.327094881
0.69522925,-0.243879984,0.00294265,2.846660699,0.241087942
-0.378641519,0.945162879,-0.092268172,2.7032521,-0.512625151
-0.430596039,0.658480313,0.59045937,1.197461806,-0.185686357
0.89737662,-0.723517153,1.768677858,1.979038673,0.346432389
-0.102666885,0.408415677,-0.056501754,0.659679558,-0.371978511
-0.907637907,1.269955094,-0.092268172,0.193601609,-0.567939418
-0.114494369,0.621633725,1.081689728,-0.308328489,-0.494861627
1.862315718,-1.173080364,3.219698094,0.10755645,0.635483159
0.469534926,0.398213179,-0.044000271,0.10038602,-0.339262146
-0.153271235,1.0150342,-0.092268172,-0.179260749,-0.413351783
0.144360117,0.627731269,0.714097586,0.501930098,-0.409866535
1.561227932,-1.070500074,2.235171454,1.118587076,1.684205673
0.062539849,0.214720658,0.011730701,0.501930098,0.065476389
-0.664445387,1.013063387,-0.092268172,-0.00717043,-0.513412143
-0.195018475,0.479854938,0.69886702,-0.12906774,-0.360398491
1.118156327,-0.704451439,1.797527022,1.333699975,0.315627289
0.447824201,-0.342409763,-0.030706214,0.537782248,0.34721938
-0.631987314,1.082270511,-0.092268172,1.240484385,-0.343084676
-0.253075761,0.840753325,0.901039144,1.276336535,-0.059317993
1.026290798,-0.651511691,1.264110529,1.226143525,1.04123354
-0.3792896,0.79669857,-0.049507387,1.778266633,-0.172532355
-0.769380556,1.002893554,-0.092268172,-0.03585215,-0.453600782
-0.214622935,0.288446498,1.000270502,-0.258135479,-0.378949008
2.056848132,-1.591350107,3.159101039,0.308328489,1.355692896
0.391711159,-0.269903431,-0.024309296,0.408714508,0.241087942
-0.711755324,0.887508422,-0.092268172,0.02151129,-0.410653526
0.066482343,-0.17588148,1.295755829,-0.401544079,-0.130484518
1.810091164,-1.485677491,2.236784095,0.544952678,1.540973203
0.357092815,0.0678134,-0.037780374,1.670710184,-0.28945682
-0.344617249,1.00270845,-0.092268172,0.838940307,-0.206148139
0.09737422,0.253298512,0.895385851,0.724213427,-0.296427317
1.431395638,-0.991536879,1.811648521,2.273026302,0.48876544
-0.017228162,0.429016665,-0.078286144,1.857141363,-0.23942664
-0.63204132,1.024245847,-0.092268172,0.207942469,-0.422008691
-0.078147807,0.487596641,1.333134217,-0.04302258,-0.179727707
1.789622595,-1.613257712,2.480728632,1.140098366,2.669744006
0.284993766,-0.329659363,-0.047525281,1.885823083,0.740827605
-0.660178852,0.952719478,-0.092268172,2.480968771,-0.359723927
-0.162182354,0.523757255,0.838264186,1.892993513,0.140915155
1.64439837,-1.673155193,2.613234694,0.179260749,2.46771202
0.026085274,0.016888019,-0.012096814,-0.150579029,0.362284648
-0.66606559,0.811877099,-0.092268172,-0.293987629,-0.632922438
-0.047579971,0.165134558,0.982711833,-0.308328489,-0.242911889
1.883594389,-1.534719167,2.774859475,-0.05736344,1.815071133
0.288936261,0.084461873,0.026592472,-0.286817199,0.464256273
-0.60925046,0.931182081,-0.092268172,-0.286817199,-0.364108595
0.093485732,0.251284145,1.170854992,-0.372862359,0.011061542
1.981184636,-1.968232771,2.37471882,-0.401544079,2.860083544
0.590186068,-0.698930984,-0.039116754,-0.401544079,0.885746486
-0.620861917,0.782184237,-0.092268172,-0.408714508,-0.425718794
-0.061999781,0.017922424,1.175355633,-0.351351069,-0.266634064
2.031788987,-1.895748216,2.819905448,-0.06453387,2.548322445
0.237143761,0.139524874,-0.03211367,0.0717043,0.484380773
-0.323122551,0.218967162,-0.092268172,-0.01434086,-0.099566991
-0.108985678,0.256543277,0.920779069,0.00717043,-0.153307274
1.855456857,-1.834108579,2.656229496,-0.229453759,2.342917639
0.340458727,-0.503286929,-0.04884825,-0.315498919,0.370154564
-0.53131868,0.788064012,-0.092268172,-0.258135479,-0.210307951
-0.067292445,0.313261325,0.900294849,1.771096203,-0.153307274
1.674426138,-1.617384442,2.330017504,3.018751019,2.581825802
0.208358149,-0.066833438,-0.056837693,1.462767715,0.161152082
-0.497024376,1.056715269,-0.092268172,1.541642444,-0.324421733
-0.035482453,0.502524736,1.086922595,3.785987026,-0.011873642
2.088874151,-2.089181912,2.809155407,4.753995072,2.883131155
0.39354739,-0.453297956,-0.043046768,2.990069299,0.216466348
-0.569771506,0.690165765,-0.092268172,0.394373649,-0.574909915
-0.087869027,0.017867982,0.593980357,0.279646769,-0.394801267
0.967531424,-1.074332816,1.515154036,1.283506965,0.807721891
-0.22996086,0.086563348,-0.037521547,0.423055368,-0.45539962
-1.199328514,0.642920687,-0.092268172,0.186431179,-0.642478765
-0.057625232,-0.15949433,1.587120039,0.05736344,-0.157691942
2.265962375,-2.022598909,2.544799067,0.06453387,1.441699835
0.360441235,0.209254645,-0.031881664,0.06453387,0.356101142
-0.459543672,1.089271799,-0.092268172,-0.193601609,-0.301711404
-0.454142994,0.875389553,0.238622154,0.10038602,-0.27450398
0.968395532,-1.011952763,1.670520029,2.76061554,-0.419422861
0.539473703,-0.218128749,-0.002408902,3.477658537,-0.119016926
-0.56885339,1.053677385,-0.092268172,1.606176314,-0.280799913
-0.185243248,0.038828289,1.593477395,-0.222283329,-0.546016081
1.156177099,-0.774649415,1.71787533,-0.05736344,0.170033844
-0.470399034,0.64525082,-0.057386862,0.516270958,-0.623253684
-0.911364375,0.816493811,-0.092268172,0.04302258,-0.632810011
-0.379937682,0.157839283,1.410452441,-0.430225798,-0.517009819
0.590942162,-0.206358312,1.414729794,-0.401544079,0.36048581
-0.612922921,0.770043592,-0.000858622,-0.329839779,-0.557371245
-1.062259312,0.852708867,-0.092268172,-0.344180639,-0.69700604
-0.081604241,0.029072219,1.690601928,-0.0717043,-0.398398943
1.992634073,-1.59339714,2.566958958,0.258135479,1.566494216
0.290232424,-0.181521708,-0.074248844,0.867622027,-0.021654823
-1.376902799,1.034807664,-0.092268172,0.695531707,-0.619656008
-0.341214822,0.067464969,1.607208642,0.293987629,-0.578395163
2.098757391,-1.713986961,2.285741307,1.011030626,1.259792349
0.119625013,0.26820483,-0.082396533,0.537782248,0.417711342
-0.431136107,0.917538826,-0.092268172,-0.150579029,-0.554785416
-0.320746253,0.49900776,0.732708327,0.10038602,-0.387718343
0.639170215,-0.21292406,1.88317331,2.79646769,-0.02862532
-0.175522028,0.504931088,-0.048549191,1.498619864,-0.077756081
-0.778939756,1.023124334,-0.092268172,0.04302258,-0.282373896
-0.394951566,0.701337337,0.657327283,0.329839779,-0.27281757
1.365777403,-1.173156583,2.329927652,1.663539754,1.908048569
0.296713237,-0.231902666,-0.040168155,1.871482223,0.573985387
-0.607360223,1.006519415,-0.092268172,0.150579029,-0.412452364
-0.047795998,0.463391569,1.143649984,1.168780086,0.048724711
1.885862673,-1.526683475,2.766256492,3.699941866,2.005635526
0.013285667,0.18036753,-0.044095487,1.075564496,0.185548821
-0.664283367,0.935733462,-0.092268172,0.186431179,-0.292155077
-0.114440362,0.46787762,0.958895717,-0.04302258,-0.309693747
1.395211097,-1.283282583,1.817315895,0.566463968,1.705342019
0.04358347,-0.311007411,-0.048303104,0.408714508,0.076831553
-0.746481682,0.820816534,-0.092268172,-0.09321559,-0.362422184
-0.10191079,0.173213804,0.978095189,5.29177732,-0.157691942
1.603623253,-1.418332295,2.552759006,3.922225195,1.732437015
-0.04676987,0.143564496,-0.057356017,2.954217149,0.242774353
-0.6868582,1.180832955,-0.092268172,1.025371486,-0.443145036
-0.471965231,0.86045057,0.875655984,0.537782248,-0.289344393
1.228276147,-0.707336884,2.096217513,0.630997838,1.519949285
0.000594075,0.147778335,-0.033739051,0.466077948,0.422883001
-0.608494365,0.710222329,-0.092268172,3.370102087,-0.364108595
-0.333815893,0.530377446,0.479546595,1.061223636,-0.345670506
1.638997692,-1.217973532,2.885888253,1.104246216,1.920303152
0.259070513,-0.219163154,-0.048328584,0.803088157,0.318213119
-0.65618235,0.873473182,-0.092268172,0.12189731,-0.38951718
-0.174117852,0.547058584,0.725805825,1.892993513,-0.149709599
1.300645229,-1.636591706,1.558875699,3.922225195,2.448262085
0.032296053,-0.210027726,-0.075266048,1.412574705,0.011061542
-0.606820155,0.912824118,-0.092268172,1.254825245,-0.414138775
-0.125295724,0.594260108,1.024482905,0.674020417,-0.064602079
1.630734655,-1.48361957,2.693627329,0.358521499,2.394859084
0.190211871,-0.432729634,-0.060840796,0.05019301,0.344745978
-0.712133372,0.692136578,-0.092268172,0.193601609,-0.383446102
-0.346561493,0.410822029,0.832781879,0.652509128,-0.221663116
1.477517426,-1.064936065,2.439638825,1.742414484,1.522422687
0.177898326,0.015908057,-0.013980351,1.555983304,0.312366895
-0.567881268,0.838129204,-0.092268172,0.01434086,-0.352865858
0.032296053,0.132828464,1.056210682,1.340870405,-0.097880581
1.436850323,-1.263378458,1.61772936,2.222833292,1.644518812
-0.343321086,-0.090940514,-0.074927427,0.329839779,-0.360623346
-2.04129418,0.899747064,-0.092268172,-0.236624189,-0.444943874
-0.590132061,-0.249008454,1.611540308,-0.365691929,-0.403570602
2.433275373,-2.148796293,2.853819844,0.530611818,2.658276414
0.347101561,-0.207828255,-0.042684678,2.065083832,0.239289104
-0.599205199,0.951924619,-0.092268172,0.265305909,-0.352528575
0.355958672,-0.257131254,1.507241705,0.760065577,-0.391316018
2.654109087,-2.127509331,2.941069385,3.355761228,1.488244766
-0.011881491,0.612999167,-0.059995249,2.344730601,0.327207308
-0.613084941,1.156758545,-0.092268172,0,-0.444831447
-0.106015305,0.370872227,1.178249669,-0.286817199,-0.278888648
1.584504853,-1.109502579,2.391096675,1.950356953,0.718904268
0.35649874,0.335299591,-0.028832064,3.829009606,0.075032716
-0.500210776,1.184600366,-0.092268172,1.104246216,-0.164774866
-0.121731277,0.713151328,0.988741297,-0.344180639,-0.213006208
1.428371259,-1.11070031,2.240039549,-0.258135479,1.738732948
-0.182920956,0.478406772,-0.027130913,-0.150579029,-0.002317316
-0.749020001,0.948679855,-0.092268172,-0.186431179,-0.479121795
-0.360495242,0.528428409,0.760629468,-0.143408599,-0.292155077
0.954083736,-1.155397486,1.773507062,0.946496756,2.596778642
-0.559996279,0.065646595,-0.074839586,-0.250965049,-0.081353757
-1.586125057,0.910983967,-0.092268172,-0.272476339,-0.600430928
-1.054536343,0.621982156,1.058611202,-0.408714508,-0.328131836
1.815491842,-1.708183406,2.865233046,-0.380032789,2.411385908
-0.035104406,0.01104091,-0.023230402,-0.380032789,0.424681839
-0.926270246,0.98639752,-0.092268172,-0.380032789,-0.524879735
-0.215108996,0.416636473,0.764572223,-0.437396228,-0.300811985
1.729189011,-1.688333723,2.351921249,-0.423055368,2.245555536
0.196584671,-0.269522335,-0.014911726,-0.408714508,0.302698141
-0.697983596,0.842157938,-0.092268172,-0.444566658,-0.405481867
-0.259826608,0.227547277,1.295445371,-0.365691929,-0.28777041
1.84217119,-1.741632791,1.820027545,0.602316118,2.179560669
0.372808787,-0.386529849,-0.063798532,0.293987629,0.920936253
-0.518681094,0.886561125,-0.092268172,0.136238169,-0.336788744
0.104179074,0.216669694,1.265351692,0.10755645,-0.262361824
1.912542021,-1.78665662,2.397608255,0.867622027,2.935859592
0.392359241,-0.388228451,-0.063441807,0.975178476,0.895527667
-0.525377934,0.878416548,-0.092268172,3.355761228,-0.13295792
-0.078093801,0.386355634,1.068863035,1.434085995,0.156879841
0.635929808,-0.08263261,1.433349252,1.871482223,1.062369886
-0.006858861,-0.004888924,-0.054691305,0.731383857,0.203312346
-0.705220504,0.783294861,-0.092268172,0.380032789,-0.718929377
-0.184649173,0.661790408,0.913112825,0.430225798,-0.00040605
1.001987748,-0.888727931,1.192629324,1.140098366,2.069831555
-0.074961408,0.21356648,-0.056614404,0.580804828,-0.092708922
-0.573173933,0.928470852,-0.092268172,0.996689766,-0.464281382
-0.026949382,0.588042791,0.950507305,0.279646769,0.108536072
1.681825067,-1.430157175,2.330657195,3.111966608,2.861207818
0.078255821,0.118412127,-0.049092325,0.645338698,0.474599591
-0.704896464,1.04103587,-0.092268172,0.552123108,-0.511613305
-0.111361976,0.531368297,0.947971336,0.372862359,-0.062915668
1.350871533,-1.046088121,1.686787245,1.462767715,2.049594628
0.004806603,-0.258100328,-0.050224191,1.534472014,0.724188354
-0.690152613,0.84186395,-0.092268172,0.394373649,-0.491488806
-0.269925875,0.399922669,0.671837693,-0.380032789,-0.072471995
1.219203008,-1.007238054,1.580736531,-0.365691929,1.263502452
0.039208921,0.26050668,-0.063928616,-0.380032789,-0.108448754
-0.577008414,1.033544602,-0.092268172,-0.408714508,-0.288669829
0.057895266,0.31172605,1.004245443,-0.236624189,-0.148023188
2.177229239,-1.915249468,2.822027026,1.061223636,2.291201048
0.520895372,-0.344402353,-0.045951532,2.143958562,0.447392168
-0.349531866,1.007619151,-0.092268172,2.265855872,-0.349155754
0.048552093,0.22503204,0.963243476,3.793157456,-0.224361373
1.745499058,-1.522382529,2.197914434,0.846110737,1.560198283
0.041531212,0.202111808,-0.056313333,-0.207942469,0.130346982
-0.451442655,0.947939439,-0.092268172,0.00717043,-0.276415245
0.054924893,0.522679297,0.704400958,-0.04302258,-0.134981613
1.204891212,-0.723658703,1.603754038,-0.12189731,0.961410107
-0.20430764,0.376958883,-0.051715464,-0.394373649,-0.063815087
-0.636091829,0.857488906,-0.092268172,-0.387203219,-0.538933156
0.012799606,0.160016977,1.301914707,-0.380032789,-0.138466862
2.038377814,-1.99338514,1.850095073,-0.329839779,2.127731651
0.304760247,-0.575640822,-0.050130316,-0.286817199,0.278863539
-1.087426471,0.569162181,-0.092268172,-0.380032789,-0.635508268
0.064808133,0.033024734,1.067688255,-0.258135479,-0.338700009
1.693598544,-1.381180831,1.942696836,0.215112899,1.518150447
-0.008479064,0.443759655,-0.064472421,1.283506965,0.357675126
-0.742323161,1.025890006,-0.092268172,1.197461806,-0.264722799
-0.287424071,0.520664929,1.073360994,0.286817199,-0.104963505
1.457264885,-1.026401764,2.058946411,0.494759668,1.218756358
-0.218403409,0.779810551,-0.060661092,-0.258135479,-0.19456812
-0.558484089,0.772003517,-0.092268172,-0.408714508,-0.57682118
0.127347982,-0.169544389,1.371140226,-0.408714508,-0.401884191
1.957529667,-1.676933493,1.906485853,-0.150579029,1.888823488
0.331817643,-0.12936593,-0.02215218,0.186431179,0.229507923
-0.439507158,0.892125134,-0.092268172,0.265305909,-0.288669829
-0.431028093,0.691581266,0.503695968,1.290677395,-0.214018055
1.028991137,-0.908806272,1.39888971,1.849970933,0.698667341
-0.414123972,0.601892927,-0.078432992,1.685051044,-0.429091615
-1.406606527,0.960134527,-0.092268172,-0.186431179,-0.466754784
-0.468562804,0.074880018,1.450707431,-0.365691929,-0.276302818
1.912542021,-1.73700519,1.819854547,0.372862359,1.442711681
0.36789417,-0.137314514,-0.019812678,0.745724717,0.22793394
-0.46175795,1.027174846,-0.092268172,-0.08604516,-0.436849104
0.119300972,0.246776318,1.025915842,-0.272476339,-0.32453416
1.594172066,-1.303350036,1.649398129,0.136238169,1.229999096
-0.031972012,0.206434531,-0.05880907,0.172090319,-0.243024316
-0.84104755,0.865807698,-0.092268172,0.423055368,-0.56614058
-0.065240188,0.160289189,1.23995378,0.587975258,-0.147236196
1.729567058,-1.52657459,1.799797458,0.308328489,2.013730297
0.238601944,-0.211465005,-0.06242125,-0.136238169,0.075819707
-0.564316821,0.677404476,-0.092268172,-0.293987629,-0.386144359
-0.125133704,0.275227894,0.969142185,-0.172090319,-0.20693513
1.783141782,-1.752216385,2.215444941,-0.00717043,1.879941726
0.186971465,-0.074324706,-0.032106965,0.860451597,0.187460086
-0.643004696,1.165382214,-0.092268172,1.634858034,-0.478222376
-0.553191425,0.813521258,0.570560528,0.975178476,-0.119803918
0.302113915,-0.273855946,1.321737107,2.7032521,0.009150276
-0.152569147,0.27240778,-0.054165605,0.724213427,-0.350055173
-0.902831304,1.090371534,-0.092268172,-0.12189731,-0.813031086
-0.208790203,0.492561784,1.122302784,-0.315498919,-0.407955269
1.273155779,-0.878177002,1.709574758,0.408714508,1.129938736
-0.191021973,0.462139395,-0.036299159,0.838940307,-0.453825637
-0.846340215,1.031334242,-0.092268172,0.344180639,-0.583791677
-0.146844429,0.091365164,0.971841095,-0.258135479,-0.504642808
1.782115653,-1.540903819,2.207861843,0.315498919,1.688590341
0.240978242,0.138425138,-0.05202257,-0.12906774,0.314952725
-0.653373998,1.07978794,-0.092268172,0.473248378,-0.53364907
-0.19912299,0.530421,0.76810595,0.423055368,-0.479908787
1.308962273,-1.225976558,1.798259918,0.322669349,2.081299147
-0.26430917,0.307076673,-0.027207354,-0.286817199,-0.204236873
-0.99323865,1.043943092,-0.092268172,-0.243794619,-0.730396969
-0.313023284,0.23315484,1.143172562,-0.07887473,-0.184899366
1.270725474,-1.497088609,1.749043879,0.960837616,2.167306086
-0.126429867,-0.782772215,-0.014443692,0.523441388,0.010049695
-1.997224649,0.58455848,-0.092268172,-0.02868172,-0.291143231
-0.48757319,-0.330432444,1.33748734,-0.172090319,0.371053983
1.827859394,-2.15764862,2.841567801,0.05736344,3.041204039
0.168501147,-0.603950848,-0.05363521,0.200772039,0.687986741
-0.975848468,0.654222921,-0.092268172,-0.150579029,-0.544104815
-0.269277794,-0.117127288,1.012620444,-0.207942469,0.054795789
1.235135008,-1.428948555,1.702043292,0.960837616,1.324887796
-0.462514045,0.772613271,-0.065016897,0.03585215,-0.274391553
-0.818364704,1.040273677,-0.092268172,-0.164919889,-0.388617762
-0.529320429,0.855409208,0.651561339,0.932155897,-0.47721053
0.708784952,-0.309167259,1.779146275,1.355211265,1.079121564
-0.352556245,0.574671748,-0.051750332,0.530611818,-0.328918828
-0.888087454,1.141797785,-0.092268172,-0.10755645,-0.560744066
-0.677299,0.75965599,0.589043867,-0.265305909,-0.503518534
0.611950799,-0.464404197,2.009737748,1.620517174,1.266088282
-0.449606425,0.494521709,-0.013444592,2.932705859,0.334290233
-0.921571656,1.245858907,-0.092268172,-0.250965049,-0.525554299
-0.367786157,0.615655955,1.131756008,-0.02868172,-0.286083999
1.275262044,-1.202392129,2.273960651,0.810258587,1.890509899
-0.320368206,0.398017187,-0.03899941,-0.07887473,0.031860605
-0.759605329,1.12238364,-0.092268172,-0.150579029,-0.428304623
-0.398462006,0.727556776,0.819770118,0.01434086,-0.185798785
1.33013293,-1.304994196,2.414338141,2.079424692,2.144370902
0.227746582,-0.275260559,-0.053868557,1.412574705,0.22534811
-0.649269482,0.972601827,-0.092268172,0.293987629,-0.372090938
-0.303356071,0.518106139,0.769237145,0.04302258,-0.350954592
0.911850436,-0.963259518,1.694869892,0.853281167,1.203691091
-0.259232533,0.279626836,-0.059642547,0.337010209,-0.354552268
-0.905369623,0.848538583,-0.092268172,-0.03585215,-0.574909915
-0.394465505,0.416963127,0.744368287,-0.215112899,-0.404582448
1.568842888,-1.362430883,2.133800414,0.831769877,1.442711681
0.101964796,0.166789606,-0.04936054,0.953667186,0.188359505
-0.496376295,1.065034061,-0.092268172,1.025371486,-0.27708981
-0.169689296,0.208655779,0.89760935,0.430225798,-0.284172734
1.356596251,-1.078557543,1.754326365,-0.308328489,1.285313362
-0.039316934,0.248496696,-0.003410684,-0.387203219,0.112808312
-0.936153486,1.075911644,-0.092268172,-0.444566658,-0.544104815
-0.15370329,0.286584569,1.146690868,-0.365691929,-0.165674285
1.905143093,-1.935012044,1.914095772,-0.02151129,1.852734302
0.091703509,-0.16305486,-0.044560839,-0.272476339,0.220738588
-0.912336497,0.855093442,-0.092268172,-0.250965049,-0.514311562
-0.164936699,0.27269088,1.239981943,2.222833292,-0.06111683
1.536600841,-1.700507034,1.756435873,1.921675233,2.400817735
0.024951131,-0.30531274,-0.053224171,0.08604516,0.103139558
-0.670656166,0.817451997,-0.092268172,-0.215112899,-0.421109272
-0.157915818,0.452949525,0.970705206,0.07887473,-0.042453887
1.573217437,-1.416503032,2.087035857,1.355211265,1.910859253
-0.199825078,0.336704204,-0.049601262,1.140098366,-0.198053368
-0.753016503,0.876369516,-0.092268172,-0.380032789,-0.397499524
-0.299467583,-0.023889306,1.195703734,-0.229453759,-0.123514021
2.404759794,-2.090869625,2.965790055,1.082734926,2.370125063
0.322420463,0.064503305,-0.036270997,1.018201056,0.16463733
-0.727363283,0.630115845,-0.092268172,-0.394373649,-0.354439841
0.076959658,-0.329332708,1.419007817,-0.164919889,-0.368493262
2.219354526,-2.013888131,2.680298404,1.161609656,2.224306763
0.47164119,-0.547254577,-0.016057673,1.606176314,0.528227447
-0.701710064,1.115164584,-0.092268172,0.186431179,-0.450227961
-0.194154366,0.570392579,0.86469003,0.430225798,0.038268965
1.577808013,-1.464542968,2.687784944,1.247654815,2.464114344
0.098184322,0.008024803,-0.064343008,2.516820921,0.164749757
-0.658180601,1.075650321,-0.092268172,2.366241891,-0.391316018
-0.258746472,0.793660686,0.89079804,2.79646769,0.204099337
1.307558097,-1.287485533,2.079615029,1.677880614,2.881444745
0.010153274,-0.067715404,-0.036295806,0.573634398,0.064464543
-1.345686882,1.19119878,-0.092268172,0.136238169,-0.479908787
-0.55410954,0.410288494,1.09575222,0.179260749,-0.140153272
1.038226296,-0.994705424,1.769612586,0.573634398,1.883539402
-0.007722969,-0.123420824,0.00304323,0.573634398,0.329793138
-1.242695957,1.102555734,-0.092268172,-0.172090319,-0.632810011
-0.342510985,-0.136367217,1.260944255,0.516270958,0.069861057
0.939069852,-1.670204418,1.904075274,1.591835454,2.491434196
-0.739622822,0.653754716,-0.05439694,1.247654815,0.063565124
-1.113997805,0.989947162,-0.092268172,0.200772039,-0.397387096
-0.681457522,0.517039068,0.89228529,0.473248378,-0.173656629
0.958728319,-0.934437734,1.858346695,2.287367162,1.917717323
-0.420658792,0.461028771,-0.053812232,0.05736344,0.329793138
-1.082781888,0.890720521,-0.092268172,0.150579029,-0.157691942
-0.759119268,0.491973807,0.843302597,-0.408714508,-0.170845944
0.95737815,-1.269889764,1.982005699,-0.444566658,1.650927172
-0.500372796,0.178788702,-0.060193057,-0.444566658,-0.068087327
-1.415517646,0.792702501,-0.092268172,-0.444566658,-0.350954592
-0.770460692,0.126828916,1.042783858,-0.444566658,-0.189284033
1.179994088,-1.512321581,1.817965645,-0.444566658,1.953806509
-0.211004481,0.047343074,-0.024043093,-0.444566658,0.466842103
-1.145915811,0.778514822,-0.092268172,-0.444566658,-0.112945848
-0.890193718,0.658959406,0.746624642,-0.200772039,0.014434363
0.843639876,-1.100138493,2.088728961,-0.222283329,2.102210638
-0.517708972,0.232860851,-0.034699929,-0.243794619,0.441433517
-1.261382302,1.151129205,-0.092268172,-0.06453387,-0.332404076
-0.223858094,0.153864991,1.203326393,1.039712346,0.227821512
1.235297028,-1.34855897,1.918177998,0.523441388,2.193726518
-0.146412375,-0.255944411,-0.055919058,0.559293538,0.28223636
-0.893488132,1.111789158,-0.092268172,1.527301584,-0.316664244
-0.332789765,0.543487166,0.855992501,1.964697813,-0.09450776
0.837645123,-0.890981844,1.57403653,1.842800503,1.802704122
-0.504585325,0.371198881,-0.047205436,0.437396228,0.263011279
-1.043626974,0.445055383,-0.092268172,0.831769877,-0.616957752
-0.540229798,0.23037828,0.698318521,0.186431179,-0.173544201
1.192307633,-1.65131292,2.189199471,-0.222283329,2.956995938
-0.307406579,-0.422200482,-0.039204594,-0.301158059,0.573085968
-1.284659223,0.594880751,-0.092268172,-0.222283329,-0.622354265
-0.251185523,-0.426762751,1.278737612,-0.229453759,-0.053134487
1.379117077,-2.269963204,2.942639781,-0.344180639,2.513132678
-0.189833824,-0.523702813,-0.030193254,-0.358521499,0.37375224
-0.918061215,0.701914426,-0.092268172,-0.315498919,-0.523193324
-0.454034981,0.372723267,1.034935899,-0.358521499,0.16295092
1.418758052,-2.039171162,2.669156769,-0.394373649,3.194105263
-0.915792931,-0.219413589,-0.050943677,-0.365691929,0.637169569
-1.485078375,0.329942463,-0.092268172,-0.293987629,-0.667212786
-0.847636377,0.081151778,1.201793547,0.250965049,-0.241113051
1.806040656,-2.0886266,3.017208806,0.939326327,2.996345518
-0.144360117,-0.225075594,-0.044359679,-0.272476339,0.394776158
-0.843801896,0.798484279,-0.092268172,-0.401544079,-0.336901171
-0.316965779,0.022909344,0.866196726,-0.265305909,-0.442245617
1.851838403,-1.806952731,2.456978899,-0.12906774,2.223519771
0.017336176,0.107294998,-0.0176911,-0.344180639,0.313266314
-0.803458833,0.400031554,-0.092268172,-0.358521499,-0.428979188
-0.111740023,-0.162336221,1.206902365,-0.430225798,-0.273716989
1.882298226,-2.189475623,2.174264611,-0.444566658,2.996457945
0.037858751,-0.431031032,-0.007983073,-0.444566658,0.333278386
-1.153908814,0.612443855,-0.092268172,-0.444566658,-0.523080897
-0.167799059,0.431357686,0.879178983,0.337010209,-0.174331193
1.995118385,-1.906451583,2.564805865,0.09321559,2.507286455
0.115736525,-0.264219649,-0.052187522,-0.437396228,0.473025608
-1.107192951,0.777589302,-0.092268172,-0.444566658,-0.423132964
-0.315399582,-0.243455334,1.371598203,-0.351351069,-0.051560504
2.155140467,-2.580643961,2.975601345,-0.337010209,3.42255768
0.547196672,-0.782336676,-0.010288377,-0.250965049,0.479209113
-0.527700226,0.798756491,-0.092268172,-0.09321559,-0.304297233
-0.114278342,0.296743513,0.750918088,1.018201056,-0.054933325
1.542271553,-1.373439127,1.427215854,1.168780086,2.178773677
0.15872592,-0.049901865,-0.059573482,0,0.422770573
-0.558700116,0.92456189,-0.092268172,0.10038602,-0.262249397
-0.06000153,0.353243792,1.123865134,0.709872567,0.118991818
1.607511741,-1.718440346,1.821762893,1.634858034,2.263881197
0.046013775,0.097244939,-0.050833709,0.243794619,0.095157215
-0.584299329,0.926293157,-0.092268172,0.501930098,-0.503743389
-0.039262927,0.324378454,0.885992975,0.258135479,-0.220876124
1.558257559,-1.145946293,2.035918846,0.903474177,1.641033563
0.131506504,0.42798226,-0.050084049,-0.193601609,-0.103277094
-0.459759699,1.144432795,-0.092268172,-0.301158059,-0.122502175
-0.133288728,0.68464531,0.939126289,-0.229453759,-0.130372091
1.7856801,-1.319464974,2.697130882,0.480418808,1.619897217
0.19912299,0.188904092,-0.047463592,0.186431179,0.357787553
-0.610492616,1.042625587,-0.092268172,-0.186431179,-0.280462631
-0.225694324,0.359657102,0.798749469,0.344180639,-0.186585776
1.803772371,-1.754012983,2.491296958,0.867622027,2.251626614
0.060815412,-0.060274223,-0.046345808,0.322669349,1.794462015
-0.537844319,0.063892571,-0.092268172,0.781576867,0.044918906
-0.063332128,-0.064239695,0.682625727,-0.265305909,0.776545663
1.287870466,-1.631130158,1.744760438,-0.258135479,1.026543499
0.022057448,-0.693627101,0.012459494,-0.279646769,0.034811302
-0.742149799,0.839346208,-0.092268172,-0.236624189,-0.202151105
0.007814241,0.187014833,0.604530022,1.204632236,1.648987968
1.152223262,-0.966804804,1.865244518,1.211802666,1.571216688
-0.148420887,-0.154478011,-0.022729927,0.207942469,0.623805207
-0.491790039,0.189522557,-0.092268172,-0.05019301,0.558760388
-0.054539285,0.08268433,0.548166989,-0.301158059,0.449792327
0.920181522,-1.15321511,1.878392579,-0.380032789,1.012148017
-0.306532209,0.325111466,-0.031392173,-0.408714508,0.016771334
-0.977113306,0.979459386,-0.092268172,-0.394373649,-0.006878007
-0.534848023,0.643679287,0.793397293,-0.07887473,-0.260011696
0.946204687,-0.388416386,1.583011011,0.867622027,0.811772387
-0.392859883,0.679751486,-0.051062797,-0.215112899,0.549942444
-1.076153636,0.737987169,-0.092268172,-0.430225798,0.149432395
-0.691030763,-0.318169412,1.420572668,-0.444566658,0.154575643
2.020609584,-2.458550768,2.619289619,-0.444566658,0.632676072
-0.518870658,-0.89169983,0.018101515,-0.444566658,-0.000380941
-2.065820818,-0.184517998,-0.092268172,-0.444566658,-0.18191144
-0.5467819,-0.999967822,1.368331952,-0.444566658,0.191543261
2.04822811,-2.506416924,2.358116819,-0.430225798,1.366241919
-0.436394207,-0.859728338,-0.043683456,-0.415884938,-0.1594302
-1.945495337,0.192409417,-0.092268172,-0.430225798,-0.13006359
-0.526225841,-0.221979675,1.139572982,0.05019301,0.125235407
1.262260992,-1.324282143,1.396536093,0.487589238,0.772457809
-0.200595754,0.427773855,-0.038666046,-0.06453387,0.153443761
-0.881714654,1.05849009,-0.092268172,-0.164919889,-0.554672988
-0.390901058,0.532348259,0.99681791,-0.12189731,-0.523980316
1.431395638,-1.903642358,2.351290945,0.02868172,1.284638798
-0.138905432,-0.486300913,-0.049162732,-0.172090319,0.704063855
-1.731727329,0.901924758,-0.092268172,-0.423055368,-0.323634741
-0.971365905,-0.021265185,1.05852135,-0.12906774,-0.190295879
1.737992116,-2.460914328,2.808848971,0.01434086,1.622595474
0.086302831,-0.952708589,0.007445302,0.415884938,0.589837646
-1.194629924,0.842397485,-0.092268172,0.788747297,-0.515997973
-0.876638017,0.659460275,0.515779036,1.584665024,-0.492388225
0.278674973,-0.258416094,1.086026088,0.587975258,0.588038808
-0.712403406,0.359907536,-0.065805448,0.05019301,-0.329031255
-1.077921278,0.859557716,-0.092268172,-0.193601609,-0.682952618
-0.493081881,0.216887463,0.752788885,-0.02151129,-0.630336609
1.564414332,-1.458608751,2.311402069,1.297847825,1.364462231
-0.218673443,0.394304218,-0.027853081,0.559293538,0.259526031
-1.023266419,1.014859984,-0.092268172,-0.315498919,-0.577495744
-0.388740786,0.37754686,1.093121705,-0.415884938,-0.518808657
1.827481346,-1.636798587,2.678572443,0.186431179,1.454966264
-0.015823986,0.534460623,-0.00962991,1.140098366,0.195667284
-0.765276041,1.177261537,-0.092268172,2.014890823,-0.249994813
-0.419740677,0.519543417,0.717733906,0.279646769,-0.105862924
1.557177424,-1.540163403,2.248273067,0.810258587,1.062257458
0.197502786,0.012881062,-0.039171067,1.269166105,0.212194108
-0.678271122,1.215610733,-0.092268172,3.807498316,-0.388617762
-0.747399798,0.951521746,0.627770033,2.344730601,-0.213006208
0.272842241,-0.180302199,2.092312979,3.456147247,0.916439158
-0.772890997,0.655758195,-0.060640305,0.652509128,-0.038181647
-1.170542902,1.255919855,-0.092268172,1.297847825,-0.215029901
-0.682051597,0.75217561,0.774061656,-0.02868172,-0.317676091
0.694041101,-0.643737322,2.286551985,0.02868172,1.727265356
-0.349315839,-0.18969895,-0.045631016,-0.265305909,0.477410276
-1.060909143,0.942865411,-0.092268172,-0.358521499,-0.525779154
-0.540823873,0.398528945,0.994760704,-0.344180639,-0.434488129
1.895961941,-2.039726474,3.21038166,-0.243794619,2.075003214
0.16828512,-0.340689384,-0.00634227,-0.12189731,0.566227898
-0.860814031,0.963161522,-0.092268172,-0.380032789,-0.381647265
-0.299197549,0.004388054,1.115358708,-0.150579029,-0.244710727
1.543513709,-1.588170673,2.737959851,-0.10755645,2.494020025
-0.161156225,-0.01047471,-0.053405216,-0.05019301,0.512487615
-1.115401981,0.893159539,-0.092268172,0.229453759,-0.30699549
-0.464026235,0.040091352,1.411580284,-0.322669349,0.331479548
1.831423841,-2.076975935,3.268045789,-0.423055368,3.389054324
-0.058759374,-0.307207334,-0.058221009,-0.437396228,0.413326674
-0.809237558,0.787606696,-0.092268172,-0.444566658,-0.542418405
-0.412557775,0.521209353,0.949058946,-0.200772039,-0.069773738
0.843315835,-0.755757917,1.730576633,0.04302258,1.638560161
-0.438319008,0.553950987,-0.05423534,-0.236624189,0.267395947
-0.881498627,1.084263102,-0.092268172,-0.279646769,-0.471251879
-0.351422103,0.353102242,0.973364554,0.193601609,-0.010074804
1.242911984,-1.142461982,2.347037061,0.501930098,1.910746826
0.021332677,-0.270447855,-0.019204501,0.380032789,0.876977151
-0.824845517,1.069476557,-0.092268172,0.645338698,-0.596833252
-0.588889905,0.684830414,0.933798206,1.964697813,-0.367706271
1.160929695,-1.318332573,1.568930394,3.126307468,1.931995599
-0.297793373,-0.511954152,-0.017660256,0.530611818,0.63458374
-1.074410837,0.86422887,-0.092268172,0.10038602,-0.52937683
-0.519437189,0.622722573,0.865738749,0.645338698,-0.441571053
0.994048752,-1.525594628,1.520309121,0.838940307,1.273171206
-0.455115116,0.107534544,-0.057238003,0.11472688,0.304384552
-1.01403126,1.033686152,-0.092268172,0.12906774,-0.186810631
-0.518681094,0.439828917,0.962790864,-0.279646769,-0.008388394
0.978764834,-1.418005641,1.855031563,-0.279646769,2.298059118
-0.432702304,-0.344870557,-0.063971531,-0.387203219,0.117305407
-1.254739468,0.752349826,-0.092268172,-0.308328489,-0.545903653
-0.408507267,-0.069512002,1.09691493,-0.394373649,-0.119803918
1.383923681,-1.69917864,1.979384571,-0.444566658,1.799331301
-0.03083787,-0.332065715,-0.029477791,-0.444566658,0.075819707
-0.893812172,0.560952274,-0.092268172,-0.444566658,-0.525666726
-0.72606712,0.129638141,1.228439998,-0.444566658,-0.087424835
1.293570341,-1.503687023,1.761099455,-0.444566658,1.795621198
-0.007128895,-0.02992152,-0.005274776,-0.444566658,0.493262535
-1.24415414,0.8759122,-0.092268172,-0.444566658,-0.243811308
-0.605469986,0.113370765,0.937412397,-0.444566658,-0.072471995
1.840550987,-2.021695165,2.549510927,-0.444566658,2.674128673
0.091433475,-0.595871602,-0.031378762,-0.444566658,0.554647879
-1.141865303,0.571568534,-0.092268172,-0.444566658,-0.441346198
-0.157321744,-0.191375775,1.096422757,-0.358521499,-0.268320475
1.784761985,-1.906702018,2.398493363,-0.207942469,2.351799401
0.246540941,-0.410234052,-0.049541585,-0.11472688,0.633796748
-0.890085705,0.848299036,-0.092268172,-0.10755645,-0.547590064
-0.231257022,0.314306618,0.841166268,0.12189731,-0.002429743
1.448137739,-1.563943824,2.286650554,0.10755645,2.401829581
-0.349369845,-0.431804114,-0.017282073,-0.243794619,0.045239462
-1.653363495,0.545773745,-0.092268172,-0.401544079,-0.566028153
-0.536611344,-0.246025013,1.410608676,-0.444566658,-0.101590684
2.088658124,-2.598326838,2.52858013,-0.444566658,2.601163309
0.132532633,-0.709122594,-0.006464978,-0.444566658,0.775904945
-1.630680648,0.542561645,-0.092268172,-0.444566658,-0.400085353
-0.909042084,-0.182055243,1.399888809,-0.301158059,-0.205923284
2.132565634,-2.370365799,2.394594193,-0.215112899,1.417977659
0.760307418,-1.049049785,0.007803369,-0.12906774,0.949043096
-0.662447136,0.672842207,-0.092268172,-0.365691929,-0.510039322
-0.141389744,0.215569958,0.899917337,0.623827408,-0.146336777
1.961094115,-2.005373347,2.382578179,1.713732764,1.852734302
0.418282494,-0.515002924,-0.004795342,0.344180639,0.328781291
-0.438319008,0.814958537,-0.092268172,1.240484385,-0.301711404
-0.118814911,0.378918808,0.806264842,-0.308328489,-0.073258986
1.821432587,-1.667961392,2.288038565,0.05019301,2.086583233
0.345319337,-0.310909415,-0.051003354,0.05736344,0.556446717
-0.636847924,0.979614002,-0.092268172,-0.344180639,-0.342185257
-0.352016178,0.287357651,1.215548263,-0.372862359,-0.486317147
2.092006544,-2.272010236,2.963825383,-0.315498919,2.513357533
0.138311358,-0.497777362,-0.030348147,-0.308328489,0.35789998
-1.001177646,0.635668965,-0.092268172,-0.308328489,-0.610099682
-0.182704929,0.230890038,1.073994651,0.351351069,-0.183212955
1.73372558,-1.907649315,2.712126761,0.501930098,3.249419529
-0.048660107,-0.596655572,-0.054193097,-0.193601609,0.396574996
-0.92535213,0.470196864,-0.092268172,-0.337010209,-0.488902976
-0.214244887,-0.03953604,1.320766841,0.00717043,-0.068087327
1.890345236,-2.183900725,2.638003643,0.286817199,2.632642973
-0.059407456,-0.357969388,-0.058060081,1.520131154,-1.038672819
-1.073708749,0.582173905,-0.092268172,1.376722555,-1.038672819
-0.471155129,0.043989425,1.176823438,1.462767715,-1.038672819
2.079152931,-2.550254237,3.195522571,1.950356953,-1.038672819
0.574200061,-0.856552498,0.00160627,1.656369324,-0.350954592
-0.558646109,1.042124717,-0.092268172,4.201871964,-0.088324254
-0.226990487,0.584721807,1.102440151,1.520131154,-0.087424835
1.077813264,-0.652393657,1.917714657,1.369552125,1.983712189
-0.339432598,0.288424721,-0.033279733,-0.0717043,0.307757373
-1.165304244,0.923473043,-0.092268172,-0.215112899,-0.44854155
-0.845476106,0.478646318,0.968772049,-0.394373649,-0.342185257
1.084510105,-0.979124021,2.355932399,-0.444566658,1.952007671
-0.360981303,0.180356642,-0.036353473,-0.444566658,0.213093527
-1.293462328,1.015741951,-0.092268172,-0.444566658,-0.750521468
-0.305030281,-0.106380366,1.299197022,-0.10755645,0.228720931
1.263434559,-1.44971287,1.722583167,1.455597285,1.775384271
-0.393169342,0.631683785,-0.047279195,0.587975258,0.131246401
-0.926594286,1.075704763,-0.092268172,0.831769877,-0.375576186
-1.001663707,0.798375394,0.429432037,-0.423055368,0.009262704
1.207537544,-1.553382007,2.563323979,-0.415884938,2.232289106
-0.170067343,-0.60187115,-0.050734469,-0.444566658,0.208596432
-2.270498945,0.516614418,-0.092268172,-0.444566658,-0.178940715
-1.115185954,-0.428014925,1.600746682,-0.430225798,-0.247296556
2.142610895,-2.801930366,3.346795609,0.293987629,3.526103289
0.351152069,-1.038553298,-0.016852259,1.577494594,0.846284479
-0.725311026,0.605551453,-0.092268172,-0.06453387,-0.119916345
-0.365085818,0.344968553,0.845638747,-0.337010209,-0.169159534
1.628034316,-2.025625904,2.751288105,-0.365691929,2.932261916
0.055843008,-0.676511622,-0.031231915,-0.423055368,0.539807466
-0.882092701,0.656444169,-0.092268172,-0.408714508,-0.537021891
-0.360711269,0.383306862,0.765584733,-0.444566658,0.159240816
1.635703279,-1.752662812,2.292312565,-0.444566658,2.088157217
-0.164720672,-0.179638003,-0.026479822,-0.444566658,0.595009305
-0.94614474,0.805060916,-0.092268172,-0.444566658,-0.377262597
-0.321610362,0.091768038,0.868833275,-0.365691929,-0.12868568
1.385543884,-1.910600091,1.899948122,-0.272476339,2.332461893
-0.448958344,0.088566827,-0.054004005,-0.415884938,0.134731649
-1.258087888,0.705758056,-0.092268172,-0.444566658,-0.464281382
-0.474449543,-0.32475955,1.517318528,-0.444566658,-0.29462848
2.013372676,-2.525232529,2.982353648,-0.293987629,2.727644102
0.104017054,-0.63549475,-0.01290414,-0.229453759,0.533511534
-0.908123968,0.784634143,-0.092268172,-0.423055368,-0.361635193
-0.387120583,0.322810514,0.833931179,-0.344180639,-0.155780677
1.695650802,-1.926225048,2.171659577,-0.08604516,1.569979465
0.267441564,-0.817702431,-0.011589218,-0.215112899,0.493937099
-0.655912316,0.545272875,-0.092268172,-0.351351069,-0.302610823
-0.327227067,0.236366939,0.898661422,-0.279646769,-0.119129354
1.761485064,-1.851181702,2.634571837,0.924985467,1.945936593
0.114656389,-0.17759097,-0.002346543,0.344180639,0.666175831
-0.802810752,0.952665035,-0.092268172,0.136238169,-0.610099682
-0.317505847,0.625085371,0.740192186,-0.243794619,-0.239314213
1.121450741,-1.425398913,1.86951381,-0.286817199,1.770999604
-0.320422213,-0.352013395,0.003403979,-0.430225798,0.191957181
-1.31420093,0.699921835,-0.092268172,-0.444566658,-0.370404527
-0.516358802,-0.132011828,1.375270731,-0.444566658,0.044340043
1.955693437,-2.299939166,2.46074195,-0.430225798,2.607346815
0.215054989,-0.761779242,-0.019451929,-0.415884938,0.554760307
-1.646558641,0.284395987,-0.092268172,-0.430225798,-0.356126251
-0.610816657,-0.246710987,1.356015605,-0.301158059,0.034671289
1.991769964,-2.161895124,2.80764737,0.193601609,2.040712866
0.487357163,-0.92449656,-0.000304088,0.193601609,0.682140518
-0.656722418,0.734209632,-0.092268172,2.022061252,-0.224361373
-0.347371595,0.549443159,0.813597159,0.717042997,-0.076182098
0.939987967,-0.954428968,1.348382217,0.12906774,1.982700343
0.021818738,-0.422309366,-0.019276249,-0.10755645,0.784786707
-0.808481463,0.518998993,-0.092268172,-0.293987629,-0.197266376
-0.227044494,-0.041866173,1.319923977,-0.308328489,0.260313023
1.072790634,-1.424538724,1.669212483,-0.12906774,2.528310373
-0.309944898,-0.30225308,-0.046479244,-0.250965049,0.755780446
-0.979304901,1.047285853,-0.092268172,-0.394373649,-0.507228638
-0.50366721,0.453787937,0.81287365,-0.365691929,-0.080341911
1.365129322,-1.662528045,2.163987298,-0.351351069,2.984990353
-0.216297145,-0.589904719,-0.046050772,-0.387203219,0.562630223
-1.234324906,0.570076813,-0.092268172,-0.401544079,-0.272030578
-0.66606559,-0.318074029,0.990612094,-0.380032789,-0.155893104
0.818202683,-1.137769051,1.389488788,-0.344180639,2.414084164
-0.149598774,-0.218542511,-0.045167005,-0.358521499,0.269082358
-0.678703176,0.525107426,-0.092268172,-0.315498919,-0.461583125
-0.365679892,0.570915225,0.932970764,0.752895147,-0.062016249
1.086130308,-1.129123604,1.637481354,1.118587076,1.95032126
-0.250105388,0.154692514,-0.035462329,0.329839779,0.27796412
-0.851362845,1.129145381,-0.092268172,0.337010209,-0.297439164
-0.496106261,0.659590937,0.832613575,-0.423055368,0.01881903
0.987243898,-1.27760969,1.912145852,-0.444566658,1.656098831
-0.601257457,-0.025740347,-0.060353986,-0.444566658,0.044340043
-1.555017153,0.48382923,-0.092268172,-0.444566658,-0.534548489
-0.430866073,-0.187935018,1.411536028,-0.444566658,-0.019855985
1.697271005,-2.157158639,1.982035202,-0.415884938,2.308627291
0.179410516,-0.624834936,-0.033089301,-0.444566658,0.913853329
-1.288871752,0.816014718,-0.092268172,-0.444566658,-0.550288321
-0.262688967,0.0881204,0.942891351,-0.372862359,0.070648048
1.68328325,-2.067960281,2.320932404,-0.358521499,2.283218705
-0.090623373,-0.700640474,-0.021405872,-0.394373649,0.381622156
-2.260561697,0.16369728,-0.092268172,-0.430225798,-0.2244738
-1.102386348,-0.499955057,1.028978182,-0.286817199,-0.272592715
1.596602371,-1.74812232,2.480949239,-0.10755645,2.06792029
0.207656061,-0.783795731,-0.009908853,-0.06453387,0.527440456
-0.711431284,0.638140648,-0.092268172,-0.286817199,-0.415150621
-0.161588279,0.248191819,1.000413326,0.301158059,-0.02435308
2.029142655,-1.941076923,2.793989212,0.337010209,2.356071641
0.474179509,-0.707619985,-0.016673896,0.05736344,1.014026116
-0.883712905,0.760548845,-0.092268172,-0.157749459,-0.549276474
-0.103801027,-0.301011794,1.276005846,-0.207942469,-0.113845267
1.599572744,-1.861003103,2.156008584,0.781576867,3.138790996
0.049362195,-0.819074379,-0.061465065,0.143408599,0.415013085
-1.308422205,0.403733634,-0.092268172,-0.437396228,-0.528252556
-0.016364054,-0.487128437,1.772134474,-0.401544079,0.617157497
1.897420124,-2.384139716,2.821310222,-0.157749459,3.769283692
0.176278123,-1.544301022,-0.024124228,-0.179260749,1.396953741
-1.737128007,0.087510645,-0.092268172,-0.444566658,-0.593572858
-0.49075959,-0.481183332,1.437505908,-0.394373649,0.040854795
1.457804953,-1.981505817,2.224833122,0.193601609,2.415883002
0.082684377,-0.955833581,-0.023329642,0.896303747,0.679217406
-2.118145824,0.318607564,-0.092268172,-0.315498919,-0.308794328
-0.873667644,-0.650313959,1.66042242,-0.394373649,-0.408180124
2.333632868,-2.899240636,2.510654677,-0.329839779,1.449569751
0.363951675,-1.239652478,0.004346082,-0.401544079,1.08440565
-1.376740779,0.430954813,-0.092268172,-0.444566658,-0.553885997
-0.361899418,-0.648408477,1.559015841,-0.437396228,-0.515210981
2.0996215,-3.051472356,2.911418931,0.767236007,2.532695041
-0.00167421,-1.555113274,-0.027907395,0.222283329,0.449191005
-2.306575472,-0.387324708,-0.092268172,-0.444566658,-0.278888648
-1.052322065,-1.268539593,1.779150968,-0.444566658,-0.292942069
2.177067219,-3.211217121,3.184727603,-0.444566658,3.77108253
0.010099267,-1.366339844,-0.050434739,-0.444566658,1.190649516
-2.216924221,-0.390351703,-0.092268172,-0.444566658,-0.445730866
-1.062475339,-1.205669559,1.656556777,-0.444566658,-0.235828965
2.243387542,-3.216008048,3.319567133,-0.444566658,2.377994978
-0.038290805,-1.279983377,-0.053385771,-0.444566658,0.696081512
-1.786814243,-0.073388298,-0.092268172,-0.444566658,-0.271018732
-1.077651244,-1.224343287,1.743463674,-0.444566658,-0.272030578
2.307169547,-3.433657705,3.329064612,-0.444566658,2.706507756
-0.069992784,-1.672044569,-0.061267257,-0.444566658,0.985132282
-2.507210651,-0.211900544,-0.092268172,-0.444566658,-0.366694424
-1.142459377,-1.399658567,1.779360846,-0.415884938,-0.260450559
2.516553824,-2.878977191,3.438809312,-0.06453387,3.211531505
0.660016831,-0.924736106,-0.018059225,-0.09321559,0.826834544
-0.987405918,0.695925766,-0.092268172,0.06453387,-0.356238679
-0.22510025,-0.093433974,1.366710662,-0.430225798,-0.032110569
1.81803016,-1.840467446,1.955976142,-0.394373649,2.529996784
0.412773803,-0.792854939,-0.033958316,-0.423055368,0.468528513
-0.716993982,0.516331318,-0.092268172,-0.444566658,-0.552087159
0.20112124,-0.331619287,1.499009529,-0.344180639,-0.231556725
2.685649045,-2.402279909,3.125240286,0.344180639,2.349213572
0.863028309,-0.662541713,-0.006161225,0.480418808,0.625027413
-0.286127909,0.920184725,-0.092268172,-0.200772039,-0.2351544
0.206845959,0.068248939,0.900135931,0.08604516,-0.230544878
1.741718583,-1.646119119,1.78227768,0.602316118,1.527819201
0.522191534,-0.443106347,-0.05063523,-0.172090319,0.479996105
-0.365085818,0.502404963,-0.092268172,-0.164919889,-0.216491457
-0.037588717,0.124716552,0.674693508,0.695531707,-0.180402271
1.510785602,-1.388399887,1.844219161,1.849970933,1.231010942
-0.014527823,0.07963828,-0.027959696,0.874792457,0.015333782
-0.607036182,0.720882143,-0.092268172,0.186431179,-0.264835226
0.081064173,-0.009418528,1.096831784,-0.157749459,-0.19456812
1.95547741,-1.795029855,2.365435913,0.451737088,2.233076098
0.201391274,-0.084734085,-0.040140663,-0.179260749,0.532612115
-0.542930137,0.772428167,-0.092268172,-0.380032789,-0.242799462
0.168339126,0.045285153,1.316365439,-0.301158059,0.040854795
1.92480156,-1.70245607,2.006165129,0.05736344,2.356071641
0.210410406,-0.1640566,-0.051871029,-0.401544079,0.413214247
-0.56399278,0.693802514,-0.092268172,-0.444566658,-0.162976028
0.213974854,-0.149803591,1.387088267,-0.322669349,0.102240139
1.887212843,-2.122653073,1.719896327,0.717042997,2.357982906
0.700791948,-1.10293683,-0.01459188,0.630997838,1.132524565
-0.222183884,-0.111530613,-0.092268172,-0.236624189,0.314840297
0.117518748,-0.337074412,1.360067657,0.215112899,0.602879221
1.484862348,-1.889650672,1.678689846,1.290677395,2.743383933
-0.118868918,-0.715677454,-0.073673523,-0.06453387,0.240188523
-1.239239523,-0.050511619,-0.092268172,-0.329839779,-0.429091615
-0.250645456,-0.743377725,1.586518567,-0.215112899,0.125175323
2.002841354,-2.283279804,2.316187017,0.157749459,1.974942854
0.47952618,-0.954581406,-0.037328433,0.12189731,0.576571217
-0.541147913,0.451588466,-0.092268172,-0.437396228,-0.331504657
-0.165476767,0.104594657,0.770429359,-0.444566658,-0.004903145
1.65595582,-2.031952106,2.015992513,-0.437396228,1.880953572
0.478446044,-0.844684064,-0.010443942,-0.408714508,0.617944489
-0.4438277,0.526522927,-0.092268172,-0.444566658,-0.162976028
-0.013933749,-0.232283762,0.758306059,-0.437396228,0.628287807
1.769478067,-1.925049093,2.240092522,-0.437396228,2.381592654
0.232229144,-0.573419574,-0.047727783,-0.444566658,0.43614943
-1.308746246,0.617311002,-0.092268172,-0.444566658,-0.421221699
-0.035644473,-0.429375984,1.490026351,-0.200772039,0.098642463
2.106588374,-2.292055912,2.641851852,-0.157749459,3.121139899
0.179788563,-0.327492557,-0.025303031,-0.258135479,0.417598914
-0.579870773,0.866482784,-0.092268172,-0.243794619,-0.340386419
0.18302897,-0.166397621,1.597417468,0.738554287,0.510801205
2.113933296,-2.26863481,3.195930928,-0.380032789,3.456735601
0.298117413,-0.692811663,-0.023392672,-0.229453759,0.780289612
-1.284443196,0.582369897,-0.092268172,-0.444566658,-0.324759015
-0.230446921,-0.839969356,1.674139586,-0.444566658,-0.32284775
2.93445827,-3.100187377,3.408313311,-0.279646769,2.380693235
0.69490521,-0.795958154,-0.035218254,0.638168268,0.355201724
-0.595856779,0.640579666,-0.092268172,0.380032789,-0.456299039
0.174765933,-0.185550443,1.253827851,-0.265305909,-0.486092292
2.479343154,-2.431820332,2.392610076,0.781576867,1.54108563
0.149328741,-0.048715021,-0.087430921,2.122447272,0.095269642
-0.227206514,0.269794546,-0.092268172,-0.222283329,-0.669011624
0.727849344,-0.571492314,1.679558191,-0.351351069,-0.290356239
1.752735966,-1.318768112,1.859691121,0.229453759,0.510688777
0.205873837,0.478602764,-0.047120948,0.760065577,-0.356238679
-0.392737288,0.982423228,-0.092268172,0.645338698,-0.435387548
0.338946537,-0.112848118,1.242262437,0.05736344,-0.313178996
2.499811723,-2.197075776,2.817325894,1.132927936,2.083097985
0.528510327,-0.27098139,-0.066610092,0.781576867,0.363071639
-0.332249697,0.747395571,-0.092268172,-0.315498919,-0.127786261
0.161210232,0.156968205,0.841077087,1.161609656,-0.024128225
1.511541696,-1.665261052,1.020529422,2.911194569,2.016990691
0.510580077,-0.764392475,-0.052898961,0.380032789,0.301686295
-0.484980864,0.812737288,-0.092268172,-0.07887473,-0.342185257
0.186647424,0.196961561,1.180035308,1.118587076,0.030174195
1.434149984,-1.49466048,1.681403508,0.824599447,3.135193321
-0.031323931,0.036280387,-0.061029887,0.12189731,0.499108758
-0.549518964,-0.036454603,-0.092268172,-0.09321559,-0.115531678
0.146034327,-0.51731128,1.343070897,2.67457038,0.117080552
1.746039126,-1.962167892,1.812402204,1.591835454,2.368326225
0.333599866,-0.934546619,-0.023476489,0.179260749,0.753082189
-0.5769004,0.51716973,-0.092268172,-0.272476339,-0.409079543
-0.076743631,0.445839353,1.27122291,-0.09321559,0.276052855
1.670591657,-2.021335846,2.483376581,1.405404275,2.025984881
0.218457416,-0.657707231,-0.027563409,0.401544079,0.26042545
-0.639980317,0.555900023,-0.092268172,-0.437396228,-0.318463082
-0.244488683,0.09538301,0.607378347,-0.437396228,-0.138466862
1.222659442,-1.66028502,1.34076224,-0.444566658,1.848349635
-0.142955941,-0.924180794,-0.021739129,-0.444566658,0.044340043
-2.289887378,-0.125282753,-0.092268172,-0.444566658,-0.461583125
-0.757661085,-0.943769154,1.745052845,-0.437396228,-0.203337454
2.292965764,-2.43084037,2.564762951,-0.157749459,2.051281039
0.42119886,-0.581400823,-0.051081137,-0.286817199,0.209495851
-0.691772817,0.174803521,-0.092268172,-0.444566658,-0.519483221
0.334571988,-0.695109131,1.45760524,-0.193601609,0.125062896
2.455148118,-2.280753679,2.429167727,1.204632236,2.252526033
0.680107353,-0.266462674,-0.05628517,0.874792457,0.597595135
-0.300439705,1.046795871,-0.092268172,-0.408714508,-0.134756758
-0.005076637,0.586224416,0.938685746,-0.286817199,0.083914478
1.895367866,-1.702848055,2.691637177,0.08604516,2.526399108
0.413961952,-0.119740521,-0.054339944,-0.265305909,0.105050824
-0.357686889,0.894585928,-0.092268172,-0.444566658,-0.241113051
0.31259123,0.164688131,1.59128407,-0.423055368,0.230519769
2.065165175,-1.641349968,2.483270636,-0.200772039,2.1004118
0.45857155,-0.258274544,-0.055145258,-0.387203219,0.381734583
-0.351746144,0.864686186,-0.092268172,-0.444566658,-0.220876124
0.267063516,0.020894977,1.244896975,-0.358521499,0.076831553
2.280598212,-1.964574244,2.541523496,0.286817199,1.841379138
0.599043179,-0.001981702,-0.076332201,0.960837616,0.368580581
-0.309998904,1.088466052,-0.092268172,0.02868172,-0.181414117
0.167204984,0.555595146,0.964784369,0.494759668,0.003978617
1.528013764,-0.700139605,1.92931628,4.187531104,1.114985895
0.11481841,0.638957284,-0.04998548,3.033091879,0.397474415
-0.538987642,1.170238473,-0.092268172,-0.150579029,-0.677556104
0.31275325,0.315711231,1.371997172,-0.301158059,-0.264947654
1.808795001,-1.122438083,2.100028843,0.953667186,1.085979634
0.413583904,0.328058757,-0.074111384,2.301708021,0.259526031
-0.407319118,1.046175228,-0.092268172,1.168780086,-0.214805046
0.038614846,0.207185835,1.134492467,0.09321559,-0.426280931
1.457804953,-0.804658043,2.193825502,0.623827408,0.825260561
-0.051306439,0.777012213,-0.071191868,0.674020417,-0.084839006
-0.553731493,1.162072119,-0.092268172,0.02151129,-0.275515827
-0.026355308,0.469924652,1.149286514,-0.0717043,-0.062915668
1.517752476,-1.011201458,2.138122022,0.01434086,1.685779657
0.011125396,0.27938729,-0.054818037,-0.337010209,0.159465671
-0.571337702,0.913248769,-0.092268172,-0.365691929,-0.248195975
-0.137393243,0.522918843,0.721102681,0.724213427,0.002292207
1.632732906,-1.378774478,2.524674925,0.910644607,1.743005188
0.233525307,-0.245055939,-0.048134129,0.451737088,0.407030741
-0.536287303,0.883621238,-0.092268172,0.315498919,-0.220988552
-0.064160052,0.322516525,1.052982048,1.620517174,0.394101594
1.282012891,-1.077621134,2.37815465,0.989519336,2.140885654
-0.258422432,0.023725979,-0.060376784,0.0717043,0.251656115
-0.854873285,0.830855705,-0.092268172,-0.179260749,-0.366806852
-0.193290258,0.117639046,0.94376506,-0.358521499,-0.291255658
1.651419251,-1.632824295,2.240396275,-0.401544079,2.479854176
-0.214406908,0.309385029,-0.061011112,-0.437396228,0.060979294
-0.701656057,0.82782871,-0.092268172,-0.444566658,-0.562655331
0.161210232,0.022277813,1.339405745,-0.444566658,-0.065389071
1.807174798,-1.627989814,2.247143213,-0.444566658,1.88533824
0.249295286,-0.067301642,-0.063372071,-0.444566658,0.237490266
-0.669792058,0.477873236,-0.092268172,-0.444566658,-0.20693513
0.532452822,-0.655627533,1.452393159,-0.444566658,-0.17444362
2.48560794,-2.368786971,2.881305136,-0.415884938,2.450060923
0.396355742,-0.482707718,-0.044168576,-0.423055368,0.357112989
-0.699603799,0.591625098,-0.092268172,-0.444566658,-0.530051394
-0.256370174,0.078331664,0.696409504,-0.444566658,-0.443257464
1.765643586,-2.21214542,2.176643674,-0.444566658,2.891001071
0.732601941,-1.09396473,-0.030643184,-0.444566658,0.883160657
-0.342294958,0.493247758,-0.092268172,-0.444566658,-0.58109342
0.526026016,-0.540307732,1.342485519,-0.10755645,-0.089898237
1.924477519,-2.115020255,1.39898962,1.713732764,1.694773846
0.464296269,-0.546002402,-0.045825471,0.946496756,0.06289056
-0.395113586,0.700292043,-0.092268172,-0.286817199,-0.287657983
0.382854048,-0.250217075,1.215892248,-0.157749459,-0.166461277
2.286106903,-2.08627469,2.401930533,1.039712346,2.080174873
0.483954736,-0.428058479,-0.031502811,1.183120946,0.394776158
-0.47952618,0.916471756,-0.092268172,0.408714508,-0.351741584
0.124323602,0.311323177,1.08331712,0.157749459,-0.111259438
1.833422092,-1.628109587,2.097280313,-0.164919889,1.717596603
0.368164204,-0.761833684,-0.07350656,-0.243794619,0.238389685
-0.500318789,0.516233321,-0.092268172,-0.401544079,-0.226385065
0.086788892,-0.202874001,1.081355801,-0.358521499,-0.265734645
2.250570444,-2.13570835,3.080766951,-0.09321559,2.148980424
0.444853829,-0.531074308,-0.072504778,0.150579029,0.478309695
-0.474557556,0.344783449,-0.092268172,-0.250965049,-0.071572576
0.121839291,-0.127166458,1.009308664,-0.372862359,0.153169738
1.817436086,-2.050549615,1.754529538,-0.12189731,2.119861735
0.092729637,-0.607239166,-0.07055754,0.358521499,0.206910021
-1.674210111,0.608828883,-0.092268172,0.07887473,-0.429878607
-0.23330928,-0.373746784,1.225651236,-0.351351069,-0.271018732
1.973461667,-2.233911475,1.93572728,0.430225798,1.969658768
0.611950799,-1.082226958,-0.030087979,0.229453759,0.744312854
-0.498104511,0.566483617,-0.092268172,-0.365691929,-0.329818247
-0.115466491,-0.009516524,0.795323698,-0.08604516,-0.195579966
2.049611223,-1.879077966,2.632689641,0.939326327,1.712537371
0.283103529,-0.055378766,-0.072384082,0.207942469,0.16295092
-0.670332126,0.907521433,-0.092268172,-0.372862359,-0.402558755
0.321826389,-0.556400893,1.359419248,-0.387203219,-0.381759692
2.401033326,-1.929208489,2.53774167,1.333699975,1.406622495
0.261824859,0.34848553,-0.073610493,2.258685442,-0.400872345
-0.249187273,0.94893029,-0.092268172,0.03585215,-0.293841488
0.567503221,-0.344533015,1.316808664,-0.415884938,-0.48103306
2.187544534,-1.646434884,2.550090941,0.02151129,0.612660403
0.128104077,0.63976303,-0.065778626,0.473248378,-0.472038871
-0.02414103,0.521917104,-0.092268172,0.207942469,-0.58109342
0.749992123,-0.615220416,1.389649716,-0.344180639,-0.434375701
1.765589579,-1.665925248,1.178724409,-0.394373649,0.34294714
0.32582289,-0.735309368,-0.080726897,-0.387203219,-0.169159534
-1.418055964,0.396503689,-0.092268172,-0.423055368,-0.521394486
-0.39370941,-0.60820824,1.375785033,-0.150579029,-0.495873473
2.581361957,-2.503281371,2.191252654,1.068394066,0.294603371
0.261122771,-1.3054624,-0.036528483,0.666849988,0.221750434
-1.606701639,-0.362553435,-0.092268172,-0.207942469,-0.256178319
-0.516142775,-1.247089304,1.47715205,-0.401544079,-0.4853053
2.790260174,-2.963068856,2.268842446,-0.00717043,0.47549901
0.385068326,-0.109091596,-0.033118804,0.867622027,-0.198952787
-1.160875688,-1.135199371,-0.092268172,2.65305909,-0.569625828
-0.818040663,-1.442341375,0.398134745,-0.02868172,-0.589862755
1.034715855,-2.458115991,1.056364234,-0.401544079,-0.213118636
0.192048102,-1.175116508,-0.074748393,-0.437396228,-0.348256335
-1.163576027,-0.831487236,-0.092268172,-0.444566658,-0.64866227
0.084358587,-1.713888965,1.519867237,-0.236624189,-0.20952096
2.018449313,-1.890031768,2.022954023,2.545502641,0.897101651
-0.133180714,0.409754959,-0.089707393,3.405954237,-0.582105267
-0.933291127,1.171076885,-0.092268172,1.054053206,-0.588063917
-0.199771071,0.318357129,1.247896956,0.02868172,-0.444044455
1.836608492,-1.275715096,1.692890469,3.821839176,0.470439779
0.110389854,0.62238503,-0.082948385,7.672360072,-0.185798785
-0.448904337,1.175432273,-0.092268172,7.414224592,-0.451014952
-0.620267843,1.07337463,0.2471031,2.022061252,-0.489689968
-0.077823767,0.331488626,0.837537324,1.885823083,-0.357925089
-0.2820774,0.47877698,-0.074249514,0.724213427,-0.610212109
-0.844017923,1.17488785,-0.092268172,-0.03585215,-0.704088964
-0.122001311,0.405279797,0.908502216,-0.351351069,-0.491376378
1.626036065,-1.13670198,2.162634155,0.143408599,0.438622833
-0.162020333,0.668421487,-0.069946681,0.674020417,-0.260450559
-0.484062749,1.039054168,-0.092268172,0.11472688,-0.37287793
0.092243576,0.336834865,0.963183798,1.183120946,-0.406268859
1.643480255,-1.249223445,2.287346571,2.115276842,1.584932305
0.39219722,0.064078655,-0.04041156,0.831769877,0.333390814
-0.431406141,0.98297854,-0.092268172,-0.380032789,-0.323747169
0.110227833,0.292301017,1.068266258,-0.179260749,0.244573191
1.336343709,-1.514804153,2.289480889,0.408714508,3.168696677
0.132586639,-0.405388682,-0.057408319,0.293987629,0.189258924
-0.696795447,0.311704273,-0.092268172,-0.430225798,-0.366694424
-0.392413247,0.246798095,1.066699214,-0.415884938,-0.243923735
1.52774373,-1.444257746,1.945982465,-0.11472688,1.566494216
0.25912452,-0.182414563,-0.058403395,-0.315498919,0.432664182
-0.693176993,0.960798724,-0.092268172,-0.408714508,-0.432576863
-0.293094783,0.634906772,0.555696075,-0.315498919,-0.156792523
1.420162228,-1.296708069,1.716524199,0.10755645,1.136122241
0.147114463,-0.024629722,-0.05728494,0.200772039,-0.04874982
-0.523649717,0.794869307,-0.092268172,0.301158059,-0.400197781
-0.030351809,0.374900962,0.919792039,-0.337010209,-0.071572576
1.828831516,-1.439782584,2.142432231,-0.444566658,2.114577649
0.230392914,0.062249391,-0.063454547,-0.444566658,0.218377613
-0.448256256,0.912943891,-0.092268172,-0.444566658,-0.257864729
0.274516451,-0.107882975,0.893981077,-0.408714508,-0.257752302
1.775904874,-1.313106107,1.834767279,-0.329839779,1.634175493
0.407265111,-0.009592743,-0.067274593,-0.394373649,0.231306761
-0.366327974,0.886386909,-0.092268172,-0.365691929,-0.516897392
0.218349403,0.314382837,0.96334942,-0.315498919,-0.073258986
2.083473473,-1.592841828,2.951505615,-0.08604516,2.258597111
0.351908164,0.055335212,-0.059580187,-0.315498919,0.359698818
-0.43243227,0.849431437,-0.092268172,-0.329839779,-0.223461954
0.302005901,0.002831003,1.503361311,0.05019301,-0.221887971
2.263910118,-1.897174606,2.590525634,2.502480061,2.062636203
0.596558867,-0.182599667,-0.042701442,1.742414484,0.183075419
-0.317343826,1.078709981,-0.092268172,-0.243794619,-0.201651044
-0.410397504,0.808915435,0.251566191,-0.10038602,-0.376363178
0.5800868,-0.161911571,1.355428885,0.846110737,-0.008388394
-0.071504974,0.454245253,-0.07881855,1.290677395,-0.400984772
-0.465808458,0.974387536,-0.092268172,0.136238169,-0.394801267
0.228934731,0.129845022,1.272212621,-0.394373649,-0.237627803
2.295990144,-1.658107326,2.843881822,-0.207942469,1.778194955
0.214676942,0.224814271,-0.081587195,-0.337010209,0.010949114
-0.455763198,0.470055314,-0.092268172,-0.401544079,-0.493287644
0.356228706,-0.656694604,1.546035596,-0.430225798,-0.45112738
2.802951767,-2.201779595,3.139074125,-0.308328489,2.14785615
0.805781124,-0.394881307,-0.065604958,-0.215112899,0.479883678
-0.302221928,0.771959963,-0.092268172,-0.215112899,-0.486991711
0.594722637,-0.574257986,1.387038647,-0.344180639,-0.298226155
2.859172822,-2.569483277,3.206613245,-0.02151129,2.301656794
0.769002509,-0.484743862,-0.072620781,0.05019301,0.344745978
-0.493999996,0.559210118,-0.092268172,-0.179260749,-0.53533548
0.211652562,-0.738477913,1.483860768,-0.322669349,-0.38783077
2.629103949,-2.13713474,2.738256228,0.03585215,1.314207196
0.559888265,-0.122288423,-0.082884684,0,0.305171544
-0.224884223,0.913128995,-0.092268172,-0.279646769,-0.445618438
0.174657919,0.460168582,0.731689782,-0.215112899,-0.33780059
1.936845071,-1.297786027,1.992004069,0.09321559,0.267508374
0.564208807,0.054627461,-0.074566008,0.258135479,0.159353244
-0.17498196,0.816406703,-0.092268172,0.487589238,-0.404470021
-0.010477315,0.663880995,0.681797842,0.301158059,-0.430890453
1.595144188,-0.965850974,2.192831767,2.323219311,1.158045578
0.184271126,0.621056636,-0.073543439,2.093765552,-0.011873642
-0.451604676,1.150769886,-0.092268172,0.451737088,-0.484630736
0.287100031,0.207055174,1.018385046,-0.258135479,-0.488790549
1.497877982,-0.982815213,1.832115977,0.351351069,0.765561627
-0.030513829,0.788510439,-0.078344481,0.200772039,-0.379061435
-0.287856126,1.101107567,-0.092268172,-0.329839779,-0.509027476
0.254965998,0.359406667,1.224828488,-0.358521499,-0.311492585
1.955747444,-1.535993118,2.002759474,0.143408599,1.603370394
0.498320539,-0.224672721,-0.059177865,-0.157749459,0.146986233
-0.285857875,0.623081892,-0.092268172,-0.394373649,-0.533536642
-0.072369082,0.340493392,0.66939627,-0.05736344,-0.382546683
1.769316047,-1.584120162,1.780874918,1.154439226,1.121056973
0.400298237,-0.094359494,-0.071041668,2.079424692,0.031973033
-0.377885424,0.853873934,-0.092268172,0.172090319,-0.428979188
0.535585215,-0.157153309,1.534838977,-0.11472688,-0.383446102
2.912693539,-2.429076438,3.272032799,0.02151129,1.392569074
0.927026341,-0.420425661,-0.057593387,0.0717043,0.5995064
-0.087382966,0.779015692,-0.092268172,-0.408714508,-0.342185257
0.67060216,-0.186247305,1.33386376,-0.380032789,-0.458097877
2.058846382,-1.260144582,2.164859666,1.434085995,0.902498164
0.489193393,0.537411398,-0.02396531,1.842800503,-0.457198458
0.092135563,1.037246682,-0.092268172,0.136238169,-0.232231289
0.428273748,0.330334448,1.02052674,-0.315498919,-0.18130169
2.244683705,-1.375050621,2.88477181,1.986209103,1.428545832
0.766788231,-0.12124313,-0.023549578,2.151128992,0.226135102
-0.203119491,0.965796532,-0.092268172,0.04302258,-0.269219894
0.361413357,0.085616051,1.136217087,-0.293987629,-0.360623346
2.07380626,-1.590065267,2.364974584,0.229453759,2.356071641
0.818148677,-0.453896822,-0.078221773,0.243794619,0.273467025
-0.155431506,0.851772459,-0.092268172,-0.179260749,-0.15690495
0.443557666,0.275598102,0.979898262,1.900163943,0.364870477
1.996576568,-1.655265435,2.083600698,4.696631633,3.159814915
0.221805836,-0.00078397,-0.066202406,4.653609053,0.648412307
-0.546926639,0.991068674,-0.092268172,2.64588866,-0.257077738
-0.150894937,0.325097093,0.94054045,1.197461806,0.232318607
1.26678298,-1.208609446,1.911995651,0.07887473,2.11367823
-0.471371156,-0.568628646,-0.075847403,-0.322669349,0.525641618
-2.292263676,0.097778474,-0.092268172,-0.380032789,-0.294853334
-0.858869787,-0.958512145,1.472327539,-0.437396228,-0.311380158
2.588652872,-2.80881188,3.245554653,-0.423055368,1.850935464
0.272518201,-0.856802932,-0.020798366,-0.394373649,0.415912504
-1.482378036,0.153462117,-0.092268172,-0.423055368,-0.478222376
-0.371188584,-0.766689942,1.417227542,-0.430225798,-0.240213632
2.361878412,-2.419146152,2.297440828,-0.329839779,1.942451344
0.72239466,-0.771644197,-0.018085376,-0.01434086,0.631885483
-0.425411389,0.708207962,-0.092268172,-0.286817199,-0.443257464
0.001296163,0.243716657,0.574896217,-0.408714508,-0.250669378
1.782493701,-1.683183476,1.741138253,-0.301158059,1.51117995
0.313077291,-0.335909345,-0.067389255,-0.229453759,0.250644269
-1.174269369,0.874474922,-0.092268172,-0.286817199,-0.352641003
0.064052038,-0.291484382,1.350132317,-0.444566658,-0.310593166
2.640337359,-2.343830594,3.151542751,-0.351351069,2.270064703
0.563560726,-0.375663155,-0.070249764,-0.344180639,0.502818861
-0.757877113,0.95890413,-0.092268172,-0.12189731,-0.480021214
0.224668196,-0.423768422,1.4061134,-0.243794619,0.096169061
2.275359555,-1.936808642,2.740428096,0.874792457,2.060949793
0.509283914,-0.180182426,-0.07243169,1.011030626,0.454587519
-0.385608393,0.838259866,-0.092268172,-0.286817199,-0.466867212
0.134854924,0.324269569,0.711847266,0.186431179,-0.138354434
1.866960301,-1.496794621,1.625474057,1.742414484,1.402237828
0.480822343,0.01367592,-0.053673431,1.211802666,0.415013085
-0.355634632,0.829222434,-0.092268172,0.666849988,-0.303622669
0.269709848,-0.064405309,1.061643368,-0.207942469,0.54138145
2.119874041,-2.068330489,2.169521236,0.516270958,2.656590003
0.492649827,-0.409950951,-0.055428895,-0.0717043,0.634471313
-0.490111508,0.877937456,-0.092268172,-0.157749459,-0.32026192
0.152623154,0.031282579,1.363203086,-0.387203219,0.073346305
1.875817413,-1.871760913,2.48698675,-0.215112899,3.300236701
0.141767792,-0.283535797,-0.066771021,0.473248378,0.598494554
-1.199976595,0.91544824,-0.092268172,-0.243794619,-0.549501329
-0.340296707,-0.365928861,1.392099186,-0.423055368,0.435362439
1.749171519,-2.260000252,2.814075133,-0.265305909,3.031535285
0.186863451,-1.069574554,-0.009487756,-0.279646769,0.3386749
-1.509651459,0.673735061,-0.092268172,-0.344180639,-0.379848427
-0.469588933,-0.094653483,1.343770267,-0.423055368,-0.183999947
2.109018679,-2.218286518,3.054101726,-0.337010209,2.208454503
0.448580296,-1.479449286,-0.008751507,-0.344180639,0.319224965
-1.907681411,-0.667866175,-0.092268172,-0.444566658,-0.477435384
-0.710567175,-1.120968139,1.341283917,-0.344180639,-0.276302818
2.630238091,-2.429620861,3.043588384,3.133477898,2.024973034
0.803458833,-0.779440343,-0.016612877,2.258685442,0.566902463
-0.45506111,1.07244911,-0.092268172,0.215112899,-0.266634064
0.175954082,0.265177834,1.291227025,0.301158059,-0.177141877
2.157030704,-1.74249298,2.775910877,3.276886498,1.824852314
0.589591993,-0.159320115,-0.015199386,4.201871964,0.318325546
-0.252157645,0.861789852,-0.092268172,1.842800503,-0.336901171
-0.478554058,0.860940552,0.264115282,1.340870405,-0.249095394
0.740270903,-0.621121967,1.954177092,3.355761228,-0.124188585
0.030081775,0.227373061,0.046396098,1.247654815,-0.074270833
-0.726013114,1.047155191,-0.092268172,-0.186431179,-0.401884191
-0.203119491,0.387498923,-0.092268172,-0.344180639,-0.041779323
2.043022397,-1.938354805,-0.092268172,0.10038602,2.451859761
0.298711488,-0.192116191,-0.092268172,0.07887473,0.447504595
-0.847150316,0.824104853,-0.092268172,-0.351351069,-0.661029281
-0.093323712,0.203200655,-0.092268172,-0.308328489,0.030399049
1.594658127,-1.488976698,-0.092268172,0.02868172,1.108914817
0.295417074,-0.037434565,-0.092268172,0.423055368,0.211069834
-0.351044056,0.906182151,-0.092268172,0.172090319,-0.500370568
0.277486824,0.269565888,-0.092268172,2.065083832,-0.140040845
1.954829328,-1.480799456,-0.092268172,3.599555847,2.285916962
0.283697604,-0.020982085,-0.092268172,0.451737088,0.273579452
-0.503937243,0.894662148,-0.092268172,-0.11472688,-0.451014952
0.049146168,0.343226398,-0.092268172,-0.358521499,0.226022675
1.828993536,-1.59353869,-0.092268172,-0.293987629,2.705608337
0.265119272,-0.184320045,-0.092268172,-0.430225798,0.390391491
-0.69339302,0.933207337,-0.092268172,-0.408714508,-0.394126703
0.048930141,0.155171607,-0.092268172,0.03585215,0.248957858
1.160551648,-1.657236248,-0.092268172,-0.06453387,3.483943025
-0.29649721,-0.642909799,-0.092268172,-0.293987629,0.522156369
-1.026506825,0.363903605,-0.092268172,-0.351351069,-0.408742261
-0.305840383,-0.033296946,-0.092268172,-0.437396228,0.18386241
1.416165727,-1.558401592,-0.092268172,-0.444566658,2.446688102
0.1848652,-0.273855946,-0.092268172,-0.444566658,0.233218026
-0.432540283,0.470196864,-0.092268172,-0.444566658,-0.353540422
0.364761777,-0.47449781,-0.092268172,-0.423055368,0.528339875
2.271039012,-2.080961116,-0.092268172,-0.236624189,2.779473119
0.812585978,-0.621034859,-0.092268172,0,0.594222314
-0.201877335,0.423844641,-0.092268172,-0.380032789,-0.150833872
-0.162560401,0.422320255,-0.092268172,0.172090319,-0.319250074
1.78400589,-1.561167264,-0.092268172,1.591835454,2.596891069
0.477905977,-0.624334066,-0.092268172,0.509100528,1.418989506
-0.549897011,0.648974677,-0.092268172,-0.12906774,0.019830877
0.102288837,0.087129549,-0.092268172,0.05736344,-0.116543524
1.366641512,-1.472535106,-0.092268172,0.552123108,3.506653354
0.02414103,-0.558709249,-0.092268172,-0.05736344,0.79962712
-0.537907507,-0.00484537,-0.092268172,-0.351351069,0.088186718
-0.444745815,0.004888924,-0.092268172,-0.258135479,0.117867544
1.977998236,-1.886885,-0.092268172,-0.11472688,2.410711343
0.41650027,-0.788238228,-0.092268172,-0.01434086,1.605056804
-0.417688419,0.287542755,-0.092268172,0.09321559,-0.197041522
-0.076797638,-0.09930286,-0.092268172,0.889133317,-0.133969767
1.877599636,-1.470466297,-0.092268172,0.602316118,2.105695886
0.274300424,0.00078397,-0.092268172,-0.08604516,0.486966602
-0.616973429,1.000824745,-0.092268172,-0.365691929,-0.424819375
0.059785503,0.324389342,-0.092268172,-0.401544079,-0.099679419
2.296800245,-2.052444209,-0.092268172,-0.322669349,3.150146161
0.42136088,-0.355203717,-0.092268172,-0.243794619,0.670560499
-0.339378592,0.840045575,-0.092268172,-0.365691929,-0.120815764
0.133504755,0.242039833,-0.092268172,-0.315498919,-0.164662439
2.093734761,-1.812440521,-0.092268172,0.265305909,2.755638517
0.51020203,-0.198289954,-0.092268172,-0.222283329,0.851568565
-0.402998576,0.842190604,-0.092268172,-0.401544079,-0.412452364
0.382043946,0.041964169,-0.092268172,-0.358521499,0.285047044
2.298582469,-2.11939742,-0.092268172,-0.00717043,3.147560331
0.58813381,-0.421590727,-0.092268172,-0.250965049,0.938474923
-0.125997813,0.458992627,-0.092268172,-0.301158059,0.002179779
0.556215804,-0.350314793,-0.092268172,-0.344180639,0.935889094
2.363012555,-2.255819079,-0.092268172,-0.243794619,3.611210808
0.801028528,-0.369772492,-0.092268172,0,0.858426635
-0.148950693,0.800803524,-0.092268172,-0.265305909,-0.290356239
0.377345356,0.030825263,-0.092268172,0.05019301,0.127648725
2.758558195,-2.281896969,-0.092268172,1.140098366,2.936534156
0.817932649,-0.794640649,-0.092268172,-0.222283329,0.971865852
