Temperatura,Humedad,Radiacion,Precipitacion
-0.425857298,0.491726939,-0.245033801,-0.272476339
0.369796689,-0.41565278,1.178705488,-0.365691929
1.611902258,-1.857753119,1.34487233,-0.164919889
0.070496942,-0.418253386,-0.208592125,-0.164919889
-0.403781617,0.876410623,-0.245033801,-0.250965049
-0.367937684,-0.176319792,0.863665404,-0.344180639
0.766636086,-1.393261733,0.824111842,-0.279646769
-0.007465066,-0.305603378,-0.172604043,-0.286817199
-0.667992652,0.22950347,-0.245033801,-0.337010209
-0.08374235,-0.529113868,0.779769256,-0.150579029
1.417694367,-1.620389897,1.669502048,-0.02151129
-0.033026379,-0.033827188,-0.21957373,0.143408599
-0.855519745,0.811034996,-0.245033801,-0.179260749
-0.415690866,0.469454424,0.451228294,0.03585215
0.956138371,-1.168296449,1.621438923,0.293987629
-0.467103963,0.545927686,-0.218724467,0.02868172
-1.251952485,0.844997364,-0.245033801,-0.150579029
-0.793649747,0.16778414,0.334631507,-0.329839779
0.886425697,-1.265355695,1.684295089,-0.222283329
-0.328317648,-0.056292818,-0.157665745,-0.250965049
-0.687163637,0.35267177,-0.245033801,-0.387203219
-0.166409962,-0.16327814,0.69175601,-0.365691929
1.47933199,-1.699309274,1.883376447,-0.172090319
0.057251534,-0.35870981,-0.172506016,-0.351351069
-0.632729658,-0.050975738,-0.245033801,-0.401544079
-0.454962339,-0.595699678,0.2251835,-0.437396228
1.528711801,-1.792802343,2.326677542,-0.401544079
0.098265823,0.041448766,-0.169550973,-0.401544079
-0.94910901,1.190053993,-0.245033801,-0.430225798
0.437882734,-0.393509007,1.575876357,0.717042997
2.395472715,-2.561744859,3.011804755,1.785437063
0.510035351,-0.90045979,-0.180292859,0.580804828
-0.562319857,1.052170384,-0.245033801,-0.09321559
0.088157486,0.405726705,0.806780814,0.08604516
1.23905564,-1.167253632,1.899905442,0.752895147
-0.190635117,0.591039186,-0.185698557,-0.05019301
-0.412030951,0.610620976,-0.245033801,-0.143408599
0.101228612,0.10714625,1.043749289,-0.301158059
1.188978703,-0.911711917,2.176391832,-0.258135479
-0.014552521,0.108124696,-0.198498102,-0.344180639
-0.288697611,-0.001461232,-0.245033801,-0.337010209
0.236703575,-0.425398615,0.396813965,0.01434086
1.191011989,-1.189526147,1.39060867,0.09321559
0.411333824,-0.597875432,-0.169094706,-0.322669349
-0.432131438,-0.082118637,-0.245033801,-0.401544079
0.161181512,-0.562844499,0.773229128,-0.394373649
1.307896906,-1.423310318,0.707885772,0
-0.036744389,-0.617122491,-0.181313223,0.337010209
-0.540825116,0.869175274,-0.245033801,-0.00717043
0.160310103,0.324657322,0.765691807,0.752895147
1.129548648,-1.253318237,0.48783305,0.810258587
-0.397739852,-0.27515569,-0.168106424,0
-1.411536415,0.517720124,-0.245033801,-0.430225798
-0.011822108,-0.148781693,1.564389472,-0.215112899
2.45223045,-2.752683403,1.899439372,1.240484385
0.724924669,-0.716820966,-0.160398893,1.369552125
-1.293024869,0.616916502,-0.245033801,0.286817199
-0.402271176,-0.081951271,0.651894112,-0.408714508
2.282189619,-2.372891949,2.017043156,-0.236624189
0.05585728,-0.698552354,-0.186624459,-0.143408599
-1.359310003,0.33290974,-0.245033801,-0.143408599
0.24721857,-0.354345427,1.018502202,0.523441388
2.596187122,-2.674562232,2.296185164,2.387753181
-0.018154342,0.128942417,-0.227496918,0.473248378
-0.686408417,0.993540883,-0.245033801,-0.10755645
0.184883821,0.163715866,1.30147436,-0.279646769
1.589013264,-1.265471564,2.13535362,2.63871823
-0.197490196,0.68751909,-0.21385613,4.481518733
-0.890666552,0.491778437,-0.245033801,1.498619864
-0.315769366,0.452151382,0.444477856,0.344180639
0.344816314,0.237781636,0.871568987,0.767236007
-0.494117624,0.99791814,-0.200177023,0.968008046
-0.837336356,0.924122729,-0.245033801,0.501930098
0.041043337,0.191537199,0.729360633,-0.11472688
1.311614915,-0.866523171,1.356012559,1.426915565
-0.134806883,0.60775001,-0.231366279,1.828459643
-0.454090931,1.134192464,-0.245033801,1.914504803
-0.071426444,0.665401066,0.695317034,1.197461806
1.236557603,-0.849426118,1.483309349,1.591835454
0.187672328,0.363125691,-0.189861105,0.860451597
-0.33029284,0.953952451,-0.245033801,0.200772039
-0.089842209,0.728472196,0.565285313,0.02151129
1.092775212,-0.820858076,1.092691084,1.771096203
0.190344647,0.105717204,-0.19994889,2.251515012
-0.830306995,1.048977561,-0.245033801,4.495859593
-0.491793868,0.522676724,0.726696103,0.709872567
0.607807377,-0.539052817,0.868017766,-0.11472688
0.11000079,0.182486575,-0.183713082,-0.222283329
-0.971707535,0.872522588,-0.245033801,-0.358521499
-0.660382352,0.822776345,0.086153868,-0.09321559
0.297818353,0.178997644,1.155558835,2.086595122
0.096464913,0.515943473,-0.157792288,2.079424692
-0.483951193,1.190903696,-0.245033801,-0.12906774
-0.197954947,0.903047522,0.528120917,-0.415884938
1.104510179,-0.690415805,1.992551762,0.229453759
-0.268655218,0.707783217,-0.20089707,0.616656978
-1.065064425,0.874041754,-0.245033801,-0.150579029
-0.280506372,0.371996074,0.322552008,-0.222283329
1.14494353,-0.937537736,0.742273354,0.236624189
-0.316292211,0.248711906,-0.21022025,0.06453387
-0.807882751,0.863368971,-0.245033801,-0.351351069
-0.44467972,0.173654815,0.635036283,-0.329839779
1.727741485,-1.354535879,2.070879131,0.932155897
0.401167392,-0.260440381,-0.169163324,0.838940307
-0.810671258,0.47629067,-0.245033801,-0.164919889
-0.162924329,0.211672583,0.802943535,-0.10038602
1.709674284,-1.262858084,2.28640839,2.344730601
-0.155836873,0.800130475,-0.20831676,2.81080855
-0.514682863,1.198885754,-0.245033801,0.200772039
0.243268185,0.116866337,1.054698813,-0.05736344
1.564671922,-1.201640851,1.602933364,0.537782248
0.168152779,-0.163110774,-0.183516138,0.623827408
-0.592238213,0.735900659,-0.245033801,0.236624189
-0.300200203,0.618731777,0.750050394,0.394373649
0.994886999,-0.643205796,1.065108301,1.333699975
0.254712683,-0.016575644,-0.187919296,0.580804828
-0.602462738,1.002166655,-0.245033801,0.315498919
0.025009422,0.322893545,0.575357948,0.02151129
1.068666246,-0.365855039,1.524103388,1.032541916
0.368111966,0.022974164,-0.150051784,0.745724717
-0.390942867,1.088347129,-0.245033801,0.03585215
0.152293146,0.361155925,1.120511804,0.04302258
1.555202617,-1.474228121,2.540738191,0.552123108
0.260289697,-0.021635239,-0.175733751,0.11472688
-0.496034723,0.942919188,-0.245033801,0.12906774
-0.045690848,0.547073498,0.518960816,0.08604516
1.30661884,-1.239143648,2.228243223,1.498619864
-0.035292041,-0.44055165,-0.127346249,0.293987629
-1.168878215,0.793783452,-0.245033801,0.781576867
-0.156417812,0.214569298,0.931258016,0.322669349
0.977981676,-1.278757828,1.324550613,0.910644607
0.158334911,-0.834607814,-0.171691508,0.702702137
-0.561564636,0.458498406,-0.245033801,0.394373649
0.141081024,-0.168067374,0.538980435,0.172090319
1.597785442,-1.575265522,2.149159269,0.200772039
0.172858385,-0.199686622,-0.174128795,-0.02151129
-0.828680366,1.249455952,-0.245033801,-0.05019301
-0.197954947,0.426505804,0.847819918,0.265305909
1.830741961,-1.503671615,2.288835875,0.0717043
0.424985889,-0.387033241,-0.176837882,0.02151129
-0.189589426,0.292497354,-0.245033801,-0.08604516
0.359630257,-0.268873038,0.983080889,-0.215112899
1.964474107,-1.928291335,1.762533343,0.179260749
-0.3592236,-0.142305927,-0.211040106,0.415884938
-1.08661726,0.515479998,-0.245033801,-0.136238169
-0.065617054,-0.417068951,1.225356145,0.265305909
2.336333129,-2.358807479,2.661310386,2.67457038
0.050164078,-0.299127612,-0.13261471,3.563703697
-0.491096742,0.432067495,-0.245033801,0.523441388
0.024660858,0.467162801,0.606616713,-0.172090319
1.278210925,-0.945429673,1.497372541,1.498619864
0.29061471,-0.199364765,-0.134506615,2.394923611
-0.477386582,0.738694379,-0.245033801,1.814118783
-0.203473867,0.585953843,0.483447716,0.630997838
1.568854682,-1.331284917,2.595670277,2.394923611
0.081011937,0.579838557,-0.171755671,5.980138598
-0.862549106,0.841920409,-0.245033801,1.943186523
-0.034711102,0.069089859,0.748061354,0
2.101459512,-1.727426716,2.590315374,2.136788132
0.229732308,-0.562612761,-0.184368075,1.520131154
-0.688209327,0.645935144,-0.245033801,0.552123108
0.009556446,-0.085504574,0.830233131,-0.04302258
2.339818763,-1.885561578,2.569891175,-0.06453387
0.75774772,-0.093744118,-0.190133796,-0.01434086
-0.175356422,0.514179695,-0.245033801,-0.200772039
0.0689865,0.435672296,0.527265416,-0.387203219
1.84236074,-1.714990155,1.697579418,-0.265305909
0.558079003,-0.319790842,-0.144862635,-0.229453759
-0.305893404,0.536825565,-0.245033801,-0.229453759
-0.072355946,0.457352594,0.80952733,-0.243794619
2.102272826,-1.624895897,2.354757586,0
0.6047284,-0.242236139,-0.163248781,0.286817199
-0.26272964,0.762383067,-0.245033801,-0.08604516
0.052313552,0.375111651,0.719388698,1.993379533
2.1015757,-1.84556117,2.339279253,0.996689766
0.762918076,-0.459103497,-0.195711485,0.164919889
0.21305936,0.246330163,-0.245033801,1.685051044
0.456124217,-0.117857657,0.609025483,1.591835454
1.797512253,-1.617866537,1.536220314,0.960837616
0.171406037,-0.095289032,-0.19184569,1.398233845
-0.411682387,0.832921283,-0.245033801,-0.143408599
-0.067127496,0.460751406,0.683659048,-0.215112899
0.882359125,-0.450374731,0.938031624,0.186431179
-0.35341421,0.078797071,-0.185717271,0.401544079
-0.956545029,0.835097037,-0.245033801,-0.380032789
-0.013042079,0.292175497,1.389682768,-0.430225798
2.193944993,-2.093931907,3.538401365,-0.444566658
-0.027856023,-0.5840227,-0.171669229,-0.444566658
-1.512038853,0.643592024,-0.245033801,-0.444566658
-0.210445135,0.030273885,1.428270326,-0.444566658
2.558832747,-2.811699133,2.747525297,-0.387203219
0.474017137,-1.649872013,-0.14679286,-0.358521499
-1.357450998,-0.170564986,-0.245033801,-0.408714508
-0.311005667,-0.717117075,1.65344536,-0.04302258
3.249336784,-2.663722083,3.752191105,0.530611818
0.548261134,0.444504056,-0.22775446,0.207942469
-0.260870636,1.010560689,-0.245033801,0.523441388
0.482731221,-0.287399137,1.704670275,0.10038602
2.565223076,-2.294345926,3.001897874,0.286817199
0.765299926,-1.289572229,-0.108232927,0.838940307
-0.71330589,-1.094861518,-0.245033801,-0.164919889
0.106805626,-1.498470403,1.67877978,-0.394373649
2.917736831,-3.7506981,3.957094327,-0.272476339
-0.047840323,-1.683821507,-0.190756708,-0.394373649
-2.078977175,-0.519792884,-0.245033801,-0.444566658
-0.704301336,-1.707355703,1.666140641,-0.250965049
3.24794253,-3.28141748,4.244801149,0.337010209
0.803583803,-0.604750302,-0.158469559,0.444566658
-0.125279485,0.783213662,-0.245033801,-0.344180639
0.202253896,0.216461818,1.04638352,-0.337010209
2.74351324,-2.639788784,3.680597243,-0.11472688
0.226014299,-0.16904582,-0.177975877,-0.164919889
-0.643360841,0.627035692,-0.245033801,-0.380032789
0.234786477,-0.120110657,1.611777998,-0.293987629
2.306937619,-2.153449734,2.857239757,2.158299422
0.321288286,-0.258728101,-0.174926372,1.606176314
-0.411798575,0.854768947,-0.245033801,-0.229453759
-0.397275101,-0.107352239,0.689048705,1.484279004
2.105119427,-1.996203197,2.327217578,2.968558009
0.341969713,-0.180053335,-0.21903815,0.881962887
-0.546692599,1.089209706,-0.245033801,-0.11472688
-0.223748637,0.40165843,0.777096707,-0.286817199
2.001015167,-1.671655306,1.847540751,0.10755645
0.181514375,0.26758561,-0.202515393,0.745724717
-0.397739852,0.833848232,-0.245033801,0.451737088
0.271559912,0.220877698,1.114454677,-0.293987629
2.247798033,-2.042293143,2.345571642,-0.229453759
0.306648625,-0.14495803,-0.152032804,-0.03585215
-0.777325362,0.602767661,-0.245033801,-0.03585215
0.128648931,0.219010926,1.170432079,-0.05019301
1.923169348,-1.890247818,2.056504929,0.573634398
0.542335557,-0.734175505,-0.14767064,0.724213427
-0.467568714,0.261470324,-0.245033801,0.437396228
-0.390884773,0.698140377,0.308061066,0.12189731
1.057860782,-1.120880451,0.884128813,0.372862359
0.15757969,-0.336823523,-0.179165558,0.580804828
-0.483718817,0.605097907,-0.245033801,-0.265305909
0.357480783,-0.230082813,0.978863091,-0.272476339
2.05475202,-1.947821628,1.590202437,0.315498919
0.527231144,0.06194463,-0.223051877,0.215112899
-0.671826849,0.948532377,-0.245033801,-0.250965049
-0.313329423,0.316649516,0.79598635,0.03585215
2.284048624,-2.088666323,2.536207599,3.133477898
-0.216080243,1.067323419,-0.224027683,5.49971979
-1.160570788,1.14373231,-0.245033801,1.928845663
-0.56818734,0.144159824,1.901388311,-0.229453759
2.049581664,-1.405942905,3.006287664,0.566463968
0.388328641,0.482457453,-0.18655495,1.555983304
-0.227292364,1.191341422,-0.245033801,0.903474177
0.075086359,0.653775585,0.57302849,-0.265305909
1.705433429,-1.16619794,2.310374007,0.07887473
0.703197552,-0.275670662,-0.133133358,-0.272476339
-0.121793851,0.607865879,-0.245033801,-0.401544079
0.052487834,0.526217153,0.593941037,-0.229453759
1.496004938,-1.114597799,1.988360697,0.480418808
0.786039447,-0.629443183,-0.155774731,0.401544079
-1.221569378,0.552557944,-0.245033801,-0.02151129
-0.051209768,0.007203163,1.084259942,-0.157749459
1.208382064,-0.640630938,1.081787009,0.573634398
0.403026397,0.366125399,-0.198451763,0.996689766
-0.121851945,1.110542399,-0.245033801,1.297847825
0.15101508,0.805524801,0.224140858,3.750134876
1.004530586,-0.463660995,0.907735298,0.580804828
0.352891365,-0.467664898,-0.167562824,0.308328489
-0.21067751,0.468064001,-0.245033801,-0.136238169
0.322566352,0.020373559,0.823326742,-0.12189731
1.197634693,-0.9629902,0.876477425,-0.07887473
0.170708911,-0.060567081,-0.174923698,-0.322669349
-0.286722419,0.593910152,-0.245033801,0
0.350160952,0.159531722,0.401177021,-0.157749459
1.54660472,-1.025546359,1.286329316,-0.11472688
0.615359583,-0.558801973,-0.209780915,-0.09321559
-0.497603258,1.004934626,-0.245033801,0.172090319
0.362012107,0.372820028,0.427668149,0.193601609
1.611902258,-1.037184714,1.135101663,0.01434086
0.564643613,-0.456734629,-0.20018237,0.164919889
-0.171347943,0.395324281,-0.245033801,1.477108575
0.333139441,-0.052198795,1.420456749,0.889133317
1.819181276,-1.286585394,2.257211739,0.846110737
0.644638906,-0.616955125,-0.174371187,0.301158059
-0.691288304,0.116389988,-0.245033801,0.12906774
-0.31269039,-0.061661396,1.423910835,0.580804828
1.211925791,-0.399379682,1.291567479,0.530611818
0.033084473,0.340814552,-0.20575293,-0.02868172
-0.253318429,0.742685408,-0.245033801,-0.236624189
0.058006754,0.733570413,0.54645805,-0.09321559
1.923227442,-1.261248798,2.262397324,0.186431179
0.61948425,-0.345436421,-0.175412938,0.301158059
-0.278589274,0.510047049,-0.245033801,-0.179260749
0.097103946,0.578782865,0.575342799,0.279646769
1.798616037,-1.032253862,1.651127487,3.606726277
0.694773938,-0.06266559,-0.157958932,3.126307468
-0.079385308,1.22314091,-0.245033801,0.623827408
0.29032424,0.553278904,0.634733293,1.025371486
0.922734382,-0.041616131,0.740353823,0.960837616
0.321055911,0.142087064,-0.199367862,0.250965049
-0.300839235,0.41736506,-0.245033801,0.243794619
0.273360823,0.274305987,0.876698429,-0.03585215
1.947743066,-1.317174699,2.217261618,0.724213427
0.472913352,0.260916729,-0.177505351,0.996689766
-0.406976782,1.151765865,-0.245033801,0.666849988
0.165654742,0.413876128,0.769746526,1.132927936
1.029975712,-0.077805751,1.567654635,3.599555847
0.344642032,0.716988332,-0.186334836,1.484279004
-0.274580795,1.05882639,-0.245033801,0.236624189
-0.041449994,0.8799768,0.179075552,0.365691929
-0.144218094,0.89117743,0.594384829,2.057913402
-0.187265671,1.070194385,-0.176903827,1.799777923
-0.3868182,1.235912202,-0.245033801,0.688361277
0.06271236,0.683051713,0.865025294,0.559293538
0.664274643,-0.133409795,0.904937097,2.287367162
0.122839541,0.468463104,-0.111064993,3.685601006
-0.352600896,1.164743146,-0.245033801,3.076114459
-0.490806272,0.781707371,0.228701749,0.473248378
0.039823365,0.600476038,0.842228862,0.501930098
-0.259883039,0.750062374,-0.174674177,0.322669349
-0.849187511,0.718958098,-0.245033801,0.05736344
0.040520492,-0.209986052,1.824774617,-0.236624189
2.158391529,-1.946946177,3.27101626,0.595145688
0.410869073,-0.993708248,-0.146845437,3.226693488
-0.532924346,0.208518383,-0.245033801,1.419745135
-0.159090132,-0.050898492,0.54222421,0.215112899
0.499055605,-0.058854801,1.045020956,0.10755645
-0.218810656,0.729270402,-0.154999433,0.717042997
-1.217967556,0.79389932,-0.245033801,-0.157749459
-0.537746139,-0.433676781,1.634765136,-0.401544079
1.157143248,-0.845023112,2.772527319,-0.10038602
-0.403897805,0.803258927,-0.221642973,-0.10038602
-0.703488022,0.986408528,-0.245033801,-0.301158059
-0.330409028,0.013524438,1.086717726,-0.322669349
1.96093038,-1.318655242,2.814395189,1.011030626
0.430098152,0.681545421,-0.178014196,2.222833292
-0.221018224,1.220772041,-0.245033801,1.362381695
0.174368826,0.683528061,0.835449015,0.451737088
1.617188803,-0.904952916,2.706148449,2.316048881
-0.275568391,0.970959384,-0.147283882,5.592935379
-0.59740857,1.124549623,-0.245033801,1.362381695
-0.104539964,0.268435313,0.825939585,-0.250965049
1.256367621,-0.972002201,0.867682694,1.283506965
0.111162668,0.78939332,-0.189419987,1.957527383
-0.38710867,1.180256661,-0.245033801,0.272476339
-0.091004087,0.592365238,0.551483228,-0.372862359
1.507275154,-1.179445581,2.284876508,-0.02868172
0.398262697,-0.251364009,-0.176059911,-0.00717043
-0.452464301,0.941412896,-0.245033801,-0.10755645
-0.045690848,0.51734677,0.644082317,0.12906774
1.522031003,-1.036425131,1.989262538,1.749584914
0.618089996,-0.093782741,-0.147580634,2.846660699
-0.38472682,1.035562554,-0.245033801,2.7032521
-0.432828565,0.804134378,0.324770965,1.197461806
0.820953878,-0.626314732,1.124132534,1.979038673
-0.102332396,0.561248087,-0.199158442,0.659679558
-0.949341386,0.782544199,-0.245033801,0.193601609
0.215789773,0.185602153,1.263714678,-0.308328489
1.751153325,-1.310814801,2.427765698,0.10755645
0.27614933,0.167822763,-0.171239697,0.10038602
-0.399366481,1.049621275,-0.245033801,-0.179260749
0.074737796,0.437333079,0.649773182,0.501930098
1.513258825,-0.829625466,1.911006461,1.118587076
0.034769196,0.284270685,-0.163920706,0.501930098
-0.768088433,1.021130479,-0.245033801,-0.00717043
-0.24646335,0.492744008,0.863718872,-0.12906774
1.076915579,-0.429595632,1.477335991,1.333699975
0.45199955,-0.287373388,-0.159341101,0.537782248
-0.336683169,1.039386217,-0.245033801,1.240484385
-0.086124199,0.853944993,0.353317078,1.276336535
0.949864231,-0.30810099,1.453739308,1.226143525
-0.245882411,0.776802268,-0.212782298,1.778266633
-0.678972398,1.250859249,-0.245033801,-0.03585215
-0.199988234,0.611071576,1.001166719,-0.258135479
1.739534546,-1.129132869,2.120185406,0.308328489
0.049757421,0.015365461,-0.16220703,0.408714508
-1.467074178,0.808962236,-0.245033801,0.02151129
0.029250276,0.12537624,1.578220074,-0.401544079
1.810525286,-1.323264237,2.216986253,0.544952678
0.057483909,0.065845539,-0.18651663,1.670710184
-0.379672651,0.942520085,-0.245033801,0.838940307
-0.130043184,0.239275054,0.770183188,0.724213427
1.333109656,-0.836204226,1.764843196,2.273026302
-0.155720686,0.800066104,-0.214243779,1.857141363
-0.517122807,0.955638983,-0.245033801,0.207942469
0.018793375,0.476947258,0.796316075,-0.04302258
1.540272486,-1.133072401,1.979009891,1.140098366
0.293635592,-0.16426946,-0.201284719,1.885823083
-0.235541697,0.31206627,-0.245033801,2.480968771
0.007929817,0.485972133,0.554563923,1.892993513
1.297556192,-1.290383309,1.796325639,0.179260749
-0.12208432,0.002220814,-0.172378582,-0.150579029
-1.285007911,0.95199556,-0.245033801,-0.293987629
0.09268881,0.180053335,1.098328481,-0.308328489
1.815869924,-1.469413138,2.229193185,-0.05736344
0.326051986,0.040766429,-0.210056279,-0.286817199
-0.650796859,0.767764518,-0.245033801,-0.286817199
0.10790941,0.28590572,0.678616047,-0.372862359
1.288319263,-1.375688332,0.561316144,-0.401544079
-0.093792594,-0.140799635,-0.197902816,-0.401544079
-0.91047657,0.710628435,-0.245033801,-0.408714508
-0.383158285,0.134658601,1.013911904,-0.351351069
1.628517112,-1.498496151,1.50396792,-0.06453387
0.33714792,0.114832199,-0.181604628,0.0717043
-0.298399292,0.607325159,-0.245033801,-0.01434086
-0.042902341,0.352568776,0.571777319,0.00717043
1.634965535,-1.641465104,2.034882137,-0.229453759
0.204751933,-0.255020306,-0.18753432,-0.315498919
-0.769076029,1.080017466,-0.245033801,-0.258135479
-0.140500085,0.710139212,0.508397159,1.771096203
0.912161293,-0.741333608,0.604465484,3.018751019
-0.053359243,-0.043379909,-0.165214651,1.462767715
-1.000347825,0.94187637,-0.245033801,1.541642444
0.070148378,0.362546348,0.93809846,3.785987026
1.858452749,-1.739129442,2.469203145,4.753995072
-0.149446545,-0.202815074,-0.171197813,2.990069299
-1.279895648,0.536683948,-0.245033801,0.394373649
-0.533040534,0.447864245,0.18182385,0.279646769
0.945100531,-0.834891049,1.295296929,1.283506965
-0.503586929,0.398838962,-0.191274464,0.423055368
-1.136055164,0.745968351,-0.245033801,0.186431179
0.039242426,-0.11915796,1.1876027,0.05736344
1.770556686,-1.828631483,1.079265954,0.06453387
0.511255323,0.100734855,-0.173592325,0.06453387
-0.405408246,1.206069606,-0.245033801,-0.193601609
-0.400470265,1.00080198,0.113128889,0.10038602
1.28454316,-0.97662407,2.797345764,2.76061554
0.426380143,-0.17265062,-0.203526845,3.477658537
-0.586370729,1.041832332,-0.245033801,1.606176314
-0.052139271,0.112527702,1.785742377,-0.222283329
1.364887017,-0.923775123,1.838844938,-0.05736344
-0.59740857,0.375935606,-0.221917446,0.516270958
-1.051644735,0.670756769,-0.245033801,0.04302258
-0.323089197,0.061197921,1.050436456,-0.430225798
0.498358479,0.019060381,0.826612401,-0.401544079
-0.830365089,0.976392333,-0.175465516,-0.329839779
-1.312892981,0.817137408,-0.245033801,-0.344180639
-0.118308217,-0.1630979,1.69055807,-0.0717043
1.68963189,-1.156143122,1.564390363,0.258135479
0.148052291,0.185048558,-0.236361158,0.867622027
-1.178463708,0.927251181,-0.245033801,0.695531707
0.055624904,-0.059408396,1.787025628,0.293987629
1.923924569,-1.434498073,1.631892078,1.011030626
-0.30508009,1.087098323,-0.22855471,0.537782248
-0.47302954,1.156452105,-0.245033801,-0.150579029
0.003224211,0.326292357,1.187383478,0.10038602
0.698898604,-0.151845773,1.662004828,2.79646769
0.01588868,0.370554154,-0.191478537,1.498619864
-0.43991602,0.924714946,-0.245033801,0.04302258
-0.168385155,0.738398271,0.70427217,0.329839779
1.370870688,-0.91445414,3.010590122,1.663539754
0.312748484,-0.28590572,-0.194737462,1.871482223
-0.289801395,0.666109151,-0.245033801,0.150579029
0.127951804,0.416399489,0.758275681,1.168780086
1.717400772,-1.165399734,2.569555213,3.699941866
-0.114183551,0.39084403,-0.194067319,1.075564496
-0.692450182,1.18262553,-0.245033801,0.186431179
-0.086995608,0.547176492,0.857307961,-0.04302258
1.130942902,-0.677271158,1.346469266,0.566463968
0.029134088,0.073299751,-0.205769862,0.408714508
-0.668631685,1.04456168,-0.245033801,-0.09321559
-0.039068144,0.616131171,1.19485129,5.29177732
1.382547561,-0.895696304,2.09816338,3.922225195
-0.142475278,0.312890224,-0.202397762,2.954217149
-0.507072563,1.074417151,-0.245033801,1.025371486
-0.248903293,0.762898038,0.774847451,0.537782248
1.160280318,-0.344342107,2.312844267,0.630997838
0.090771711,0.046199377,-0.218454449,0.466077948
-0.439567457,0.534250708,-0.245033801,3.370102087
-0.05823913,0.660483088,0.718994811,1.061223636
1.645654811,-1.049956006,2.850058894,1.104246216
0.24379103,0.070634773,-0.204001826,0.803088157
-0.748626978,1.051848527,-0.245033801,0.12189731
-0.061608576,0.671825335,0.789720696,1.892993513
0.980247338,-1.149667356,1.16636221,3.922225195
-0.30165255,0.114304354,-0.200250988,1.412574705
-0.601068485,0.905364894,-0.245033801,1.254825245
0.085659448,0.598132918,0.838688334,0.674020417
1.444068996,-1.019276581,2.509819844,0.358521499
0.083858537,0.060013487,-0.225091712,0.05019301
-0.791267897,0.861952799,-0.245033801,0.193601609
-0.244139594,0.437062719,0.712311208,0.652509128
1.540621049,-0.879951052,2.833488906,1.742414484
0.328375742,0.101790547,-0.14140944,1.555983304
-0.524965482,1.112911268,-0.245033801,0.01434086
0.189124675,0.184906941,1.239700047,1.340870405
1.438375794,-0.971178247,1.502355835,2.222833292
-0.740319551,0.291377291,-0.215461977,0.329839779
-1.928746362,0.656157328,-0.245033801,-0.236624189
-0.317395995,-0.177735964,1.805442964,-0.365691929
2.384783438,-2.006631369,2.16051783,0.530611818
-0.076190143,-0.41132702,-0.164086459,2.065083832
-0.953814616,0.374854166,-0.245033801,0.265305909
0.048363168,0.21118336,0.77464427,0.760065577
2.386235785,-2.03297216,2.861039608,3.355761228
-0.073982575,0.585361626,-0.236158867,2.344730601
-0.932029405,0.969337224,-0.245033801,0
-0.320533066,0.237099299,0.756746473,-0.286817199
1.451098357,-0.683128958,1.709931607,1.950356953
0.250704204,0.431320787,-0.201130551,3.829009606
-0.387980078,1.22025707,-0.245033801,1.104246216
-0.044238501,0.855129427,0.561472986,-0.344180639
0.972869413,-0.465656509,0.873351281,-0.258135479
-0.702326144,0.661500157,-0.224188089,-0.150579029
-1.133324751,0.951982685,-0.245033801,-0.186431179
-0.224503857,0.696286479,0.522271428,-0.143408599
0.740551927,-0.590768826,0.957674287,0.946496756
-0.801376235,0.25205922,-0.198933873,-0.250965049
-1.371974472,0.780020839,-0.245033801,-0.272476339
-0.35475037,0.341175032,0.82295246,-0.408714508
1.29976376,-1.091720192,1.335903826,-0.380032789
-0.59026302,0.22409627,-0.140414029,-0.380032789
-1.072035692,0.632404269,-0.245033801,-0.380032789
-0.000203329,0.22806155,0.682840975,-0.437396228
1.493042149,-1.283199457,1.935284871,-0.423055368
0.417433683,-0.904296328,-0.168162566,-0.408714508
-0.398088416,-0.048516749,-0.245033801,-0.444566658
-0.353588492,0.076402454,0.841253055,-0.365691929
1.807794873,-1.610309331,2.135146873,0.602316118
0.35579606,-0.410438694,-0.183876162,0.293987629
-0.275510297,0.390766784,-0.245033801,0.136238169
0.216661182,0.0020277,1.237354548,0.10755645
1.975686229,-1.767658861,3.544965554,0.867622027
0.52089891,-0.639691115,-0.208631335,0.975178476
-0.329363338,0.624396463,-0.245033801,3.355761228
0.083974725,0.261998169,0.597910206,1.434085995
0.611467292,0.001383986,1.032956607,1.871482223
0.008220286,0.097542032,-0.215135817,0.731383857
-0.592877246,0.399778785,-0.245033801,0.380032789
0.001481394,0.572294225,0.6006086,0.430225798
0.831526967,-0.595094587,0.815104128,1.140098366
0.1489237,-0.198064462,-0.222777403,0.580804828
-0.122432884,0.367335582,-0.245033801,0.996689766
0.032619722,0.651071985,0.28098891,0.279646769
1.297904756,-0.969465967,1.413672446,3.111966608
0.107735128,0.161308374,-0.222259647,0.645338698
-0.746651786,1.142406258,-0.245033801,0.552123108
0.012054483,0.616182668,0.518834274,0.372862359
1.099049353,-0.443216628,1.051939821,1.462767715
-0.068289374,0.330000151,-0.206047009,1.534472014
-0.612977733,0.956849166,-0.245033801,0.394373649
-0.144392376,0.504768592,0.368947797,-0.380032789
1.090160987,-0.703702068,0.988470547,-0.365691929
-0.376303205,0.454584623,-0.195215117,-0.380032789
-0.692624463,1.028468822,-0.245033801,-0.408714508
-0.036453919,0.553716629,0.722219872,-0.236624189
1.784499221,-1.600602118,1.545968571,1.061223636
0.448281541,-0.393225773,-0.197162273,2.143958562
-0.290672804,0.820034122,-0.245033801,2.265855872
-0.012170671,0.481453259,0.611501981,3.793157456
1.706304838,-1.346322084,2.109986228,0.846110737
-0.029250276,0.463171772,-0.196718482,-0.207942469
-0.461875512,1.120288234,-0.245033801,0.00717043
0.198129229,0.594515244,0.654876781,-0.04302258
1.355882463,-0.83874046,1.45430786,-0.12189731
0.011531638,0.204823463,-0.19797589,-0.394373649
-0.808637972,1.083030049,-0.245033801,-0.387203219
0.374967045,-0.000328294,1.406586936,-0.380032789
1.720828312,-1.680757427,1.283406354,-0.329839779
-0.184186694,-0.317821076,-0.129468961,-0.286817199
-1.209660129,0.618306925,-0.245033801,-0.380032789
0.015365835,0.105408222,1.284781394,-0.258135479
1.938506136,-1.578149363,2.215444569,0.215112899
0.211607013,0.441298359,-0.172989909,1.283506965
-0.563830298,1.256137706,-0.245033801,1.197461806
0.025357985,0.580392151,0.907957194,0.286817199
1.573792663,-1.036579623,2.150824823,0.494759668
-0.067476059,0.944193742,-0.186456923,-0.258135479
-0.75118311,1.214502263,-0.245033801,-0.408714508
0.104249495,0.02124901,1.374936067,-0.408714508
2.085309409,-1.586376032,2.369616572,-0.150579029
0.230545622,-0.13837927,-0.208455779,0.186431179
-0.720102876,0.737368328,-0.245033801,0.265305909
-0.227931397,0.508733872,0.527062234,1.290677395
1.227204486,-0.969916567,1.548874602,1.849970933
-0.538559454,0.771304947,-0.229567944,1.685051044
-1.457082028,0.785801394,-0.245033801,-0.186431179
-0.22857043,-0.060644327,1.591473213,-0.365691929
1.807794873,-1.446072056,1.779683468,0.372862359
-0.257617378,-0.311641419,-0.121737369,0.745724717
-0.975309357,0.535512388,-0.245033801,-0.08604516
0.028553149,0.178225187,0.626532067,-0.272476339
1.865540204,-1.520910284,2.049549527,0.136238169
-0.173904075,0.311564173,-0.198243234,0.172090319
-1.022539693,0.759949826,-0.245033801,0.423055368
0.019780971,0.255406535,1.136556015,0.587975258
1.665929581,-1.366624834,1.682269511,0.308328489
0.174775483,0.052160172,-0.209523373,-0.136238169
-0.405582528,0.78470708,-0.245033801,-0.293987629
0.153164554,0.340557066,1.187821031,-0.172090319
1.815463267,-1.593173655,2.642982165,-0.00717043
-0.111569325,-0.246137048,-0.179620043,0.860451597
-0.718476247,1.057448841,-0.245033801,1.634858034
-0.491793868,0.847752461,0.655844567,0.975178476
0.630812559,-0.171672175,1.292643093,2.7032521
-0.089086988,0.75257286,-0.205342111,0.724213427
-0.771051222,1.066679705,-0.245033801,-0.12189731
-0.106224687,0.609835645,0.636735701,-0.315498919
1.44830985,-0.974358195,1.657136491,0.408714508
-0.579748025,0.61759884,-0.172940896,0.838940307
-1.04635819,0.938503307,-0.245033801,0.344180639
-0.286257668,0.135881658,0.965966411,-0.258135479
1.664070576,-1.342421175,1.873204894,0.315498919
0.28823286,-0.052507778,-0.20474237,-0.12906774
-0.653294897,1.02326761,-0.245033801,0.473248378
0.013332549,0.413000677,0.463848719,0.423055368
1.014638924,-0.728716807,1.082562307,0.322669349
-0.507188751,0.296321017,-0.19461181,-0.286817199
-0.656606249,0.468759212,-0.245033801,-0.243794619
-0.062015233,-0.083946786,1.172141299,-0.07887473
1.034913693,-1.099367518,1.695730288,0.960837616
-0.180236309,-0.866098319,-0.193555801,0.523441388
-1.020796877,-0.412073728,-0.245033801,-0.02868172
0.278589274,-1.168412317,1.614741953,-0.172090319
1.552878861,-2.121675994,2.540621451,0.05736344
-0.026810333,-0.471359818,-0.203445751,0.200772039
-1.145640657,0.885229509,-0.245033801,-0.150579029
-0.014029676,-0.591760146,1.262835116,-0.207942469
1.152611924,-1.394961139,1.418252942,0.960837616
-0.328027178,0.637888715,-0.19267713,0.03585215
-0.622737508,0.615371588,-0.245033801,-0.164919889
-0.515205708,0.777677719,0.59169,0.932155897
1.017020773,-0.513613227,2.177408631,1.355211265
-0.426670612,0.951557834,-0.20508457,0.530611818
-0.905015744,1.217823829,-0.245033801,-0.10755645
-0.539488956,0.667898677,0.895036453,-0.265305909
0.746593692,-0.517539884,2.211152805,1.620517174
-0.368634811,0.426724666,-0.213885538,2.932705859
-0.82531092,1.235500225,-0.245033801,-0.250965049
-0.143172404,0.400602739,1.003581727,-0.02868172
1.392307335,-1.263347307,2.545403346,0.810258587
-0.223167698,0.45103132,-0.187682251,-0.07887473
-0.761640011,1.129313109,-0.245033801,-0.150579029
-0.157986348,0.552287584,0.587039104,0.01434086
1.289481141,-1.070747979,2.382308288,2.079424692
0.071775007,-0.13891999,-0.196199834,1.412574705
-0.641153273,1.016083758,-0.245033801,0.293987629
-0.270978973,0.543275583,0.600333235,0.04302258
0.630405902,-0.407657848,0.855049794,0.853281167
-0.383855411,0.698114628,-0.205476675,0.337010209
-0.785226132,0.996952568,-0.245033801,-0.03585215
-0.44752632,0.679936135,0.590840737,-0.215112899
1.674643665,-1.444359776,2.15967926,0.831769877
-0.212129858,-0.014206775,-0.173493407,0.953667186
-0.679553337,0.860678245,-0.245033801,1.025371486
-0.274871264,0.605999107,0.739642688,0.430225798
1.172944788,-0.657367511,1.337986437,-0.308328489
-0.110930293,0.285107514,-0.163750497,-0.387203219
-1.337118135,0.868248325,-0.245033801,-0.444566658
-0.183257192,0.319057008,0.853336118,-0.365691929
1.758008404,-1.815782945,1.722388951,-0.02151129
0.126615644,-0.742762654,-0.163982195,-0.272476339
-0.921688692,0.362378982,-0.245033801,-0.250965049
-0.370842379,0.497005397,0.439825177,2.222833292
1.188397764,-1.405427934,1.227490442,1.921675233
0.084671852,-0.654779779,-0.194157325,0.08604516
-0.769134123,0.91796882,-0.245033801,-0.215112899
-0.132715503,0.408456054,0.512789623,0.07887473
1.534172627,-1.370319754,1.608440652,1.355211265
-0.246928101,0.395015299,-0.196378063,1.140098366
-1.203269801,0.856146496,-0.245033801,-0.380032789
-0.563191265,-0.020128947,1.614037056,-0.229453759
2.344291993,-2.075998025,2.60371377,1.082734926
0.231358937,-0.230829522,-0.193513026,1.018201056
-1.728729081,0.76530553,-0.245033801,-0.394373649
-0.106805626,-0.124307674,1.431698569,-0.164919889
2.110115502,-1.795055343,2.964655056,1.161609656
0.045923224,-0.396096739,-0.137688902,1.606176314
-0.875736421,0.945506919,-0.245033801,0.186431179
-0.124408076,0.395195539,0.449475408,0.430225798
1.069944312,-0.893185818,1.264684246,1.247654815
0.105934218,-0.186696467,-0.224082934,2.516820921
-0.463211672,0.655166008,-0.245033801,2.366241891
-0.089377458,0.652359413,0.586346682,2.79646769
1.007028623,-0.954840777,1.349380643,1.677880614
-0.00485084,0.23328851,-0.212196815,0.573634398
-1.238823265,0.846130301,-0.245033801,0.136238169
-0.483835005,0.14423707,0.58307439,0.179260749
1.062043542,-0.816944293,2.202807213,0.573634398
-0.178319211,-0.23509091,-0.195395128,0.573634398
-1.042117336,0.76909057,-0.245033801,-0.172090319
-0.036279637,-0.732038373,1.594032587,0.516270958
1.032531843,-1.806886813,2.591252861,1.591835454
-0.603276053,0.789702303,-0.215123341,1.247654815
-1.138959859,1.157855402,-0.245033801,0.200772039
-0.672698258,0.762988158,0.756584284,0.473248378
1.045544876,-0.862248908,2.041566631,2.287367162
-0.321055911,0.771948662,-0.216958213,0.05736344
-0.984430098,1.252262546,-0.245033801,0.150579029
-0.452522395,0.802834075,0.696721481,-0.408714508
0.935515039,-1.060397053,1.638857283,-0.444566658
-0.37130713,-0.095353404,-0.19846513,-0.444566658
-1.96540361,1.034249377,-0.245033801,-0.444566658
-0.641211366,0.167294917,0.921478568,-0.444566658
1.307548342,-1.609665616,2.18624168,-0.444566658
-0.163214798,0.017811576,-0.194818556,-0.444566658
-1.089289579,1.298996206,-0.245033801,-0.444566658
-0.62604886,0.751259683,0.448751797,-0.200772039
0.88363719,-0.940112593,1.318276047,-0.222283329
-0.059110538,-0.384600001,-0.17978847,-0.243794619
-1.3155653,0.942674576,-0.245033801,-0.06453387
0.069218876,-0.353701713,0.647862563,1.039712346
1.469688403,-1.715041652,2.660887982,0.523441388
0.035698698,-0.707538606,-0.166563848,0.559293538
-0.277369302,0.038642171,-0.245033801,1.527301584
-0.025764642,-0.035011622,0.840807482,1.964697813
1.108518658,-1.113799594,1.942860512,1.842800503
-0.121968133,-0.173526072,-0.177579317,0.437396228
-0.599674231,-0.224933098,-0.245033801,0.831769877
-0.148807512,-0.201167165,0.504599982,0.186431179
0.616637649,-1.128193046,1.094915387,-0.222283329
-0.067650341,-0.879809435,-0.173197547,-0.301158059
-0.665901272,-0.234884922,-0.245033801,-0.222283329
-0.004037526,-0.985146848,1.301064433,-0.229453759
1.197808975,-2.410523488,3.451993966,-0.344180639
-0.034943478,-0.954415926,-0.087263346,-0.358521499
-0.633484878,0.211337852,-0.245033801,-0.315498919
-0.075667298,-0.237369659,0.798704349,-0.358521499
1.232665312,-1.989019345,2.292636617,-0.394373649
-0.780578621,0.148060733,-0.196342418,-0.365691929
-1.468933183,0.907450528,-0.245033801,-0.293987629
-0.018038154,-0.234241208,0.858796176,0.250965049
1.463646638,-1.880386115,2.171176839,0.939326327
-0.077642491,-0.41150726,-0.137802968,-0.272476339
-1.2803604,0.89694511,-0.245033801,-0.401544079
-0.305254371,0.031999039,0.717675913,-0.265305909
1.782175465,-1.596585341,1.982943414,-0.12906774
-0.230894186,-0.200175845,-0.150429631,-0.344180639
-1.628865676,0.804636475,-0.245033801,-0.358521499
-0.135678292,-0.237434031,1.170318903,-0.430225798
1.54689519,-2.135618847,1.294547474,-0.444566658
-0.229383745,-0.797105018,-0.109778176,-0.444566658
-0.9977336,0.29608928,-0.245033801,-0.444566658
-0.066604651,0.164861677,0.541232363,0.337010209
1.924737883,-1.792248749,2.404325858,0.09321559
0.374850858,-0.788196011,-0.16002372,-0.437396228
-1.049669542,0.218225595,-0.245033801,-0.444566658
-0.545414533,-0.125878337,1.065524467,-0.351351069
2.324249599,-2.868461863,3.367732448,-0.337010209
0.656722436,-1.328838803,-0.099271553,-0.250965049
0.079850059,-0.468578972,-0.245033801,-0.09321559
0.302233489,-0.604621559,0.326121052,1.018201056
1.272866287,-0.968024046,0.996703854,1.168780086
0.12446617,0.243665185,-0.186507719,0
-0.226304768,0.526513262,-0.245033801,0.10038602
0.23408935,-0.146116716,0.497221284,0.709872567
1.27455101,-1.332083123,1.225588734,1.634858034
0.127254677,0.085465952,-0.202785411,0.243794619
-0.948295696,0.884263938,-0.245033801,0.501930098
-0.122723353,0.330888477,0.562815053,0.258135479
1.275015761,-0.684957107,1.135132853,0.903474177
-0.038487205,0.830140437,-0.18416222,-0.193601609
-0.32477392,1.207588771,-0.245033801,-0.301158059
0.056380125,0.718764984,0.961345813,-0.229453759
1.671971346,-0.959321029,2.055926575,0.480418808
0.281493968,0.379089806,-0.207775834,0.186431179
-0.560228477,0.981348933,-0.245033801,-0.186431179
-0.361721637,0.82621378,0.595587877,0.344180639
1.271704409,-1.085141432,1.520014805,0.867622027
0.172567915,-0.289626388,-0.172691375,0.322669349
-0.406860594,-0.031805925,-0.245033801,0.781576867
-0.004734652,-0.081603666,0.567953407,-0.265305909
1.30348177,-1.530475879,1.445268956,-0.258135479
-0.023324699,-0.752920466,-0.114048553,-0.279646769
-1.010630445,1.087046826,-0.245033801,-0.236624189
0.022627572,0.302178818,0.505254975,1.204632236
1.108112001,-0.830887146,1.795876501,1.211802666
-0.236877857,-0.176345541,-0.186405237,0.207942469
-0.445667316,-0.00193758,-0.245033801,-0.05019301
-0.192261746,0.06834315,0.442767744,-0.301158059
0.87707258,-1.088707609,1.338735891,-0.380032789
-0.228918993,0.385539824,-0.163945658,-0.408714508
-1.383244688,1.217437601,-0.245033801,-0.394373649
-0.611351104,0.713937126,0.645329032,-0.07887473
0.875678327,-0.660689077,1.437717376,0.867622027
-0.313677986,0.591245175,-0.205890167,-0.215112899
-1.3907388,0.811717333,-0.245033801,-0.430225798
-1.039503111,-0.246034054,1.512078249,-0.444566658
1.965229328,-2.608452771,3.578232073,-0.444566658
-0.717662932,-0.866214188,-0.135588468,-0.444566658
-2.538790354,0.054323052,-0.245033801,-0.444566658
-0.861154853,-1.009208889,1.54146115,-0.444566658
2.131319774,-2.747173209,2.600199086,-0.430225798
-0.707903158,-0.824746111,-0.203766564,-0.415884938
-2.258022559,0.243613688,-0.245033801,-0.430225798
-0.72434373,-0.16769402,1.185355227,0.05019301
1.311556821,-1.234817888,1.475547459,0.487589238
-0.160426291,0.880903749,-0.191733405,-0.06453387
-0.680076182,0.977061796,-0.245033801,-0.164919889
-0.479129399,0.726373687,0.429713331,-0.12189731
0.983732971,-1.464636778,1.511867048,0.02868172
-0.182211502,-0.558904967,-0.20927207,-0.172090319
-1.755800836,0.771369319,-0.245033801,-0.423055368
-1.166728741,-0.325069299,1.295355745,-0.12906774
1.545791406,-2.453497857,3.075192044,0.01434086
-0.674615356,-0.846851261,-0.163282645,0.415884938
-1.574025039,0.838367106,-0.245033801,0.788747297
-0.835361164,0.707203874,0.52469713,1.584665024
0.603915086,-0.166226351,1.719220032,0.587975258
-0.882242937,0.91120982,-0.199091606,0.05019301
-1.617537366,1.24686822,-0.245033801,-0.193601609
-0.6770553,0.374802669,0.804568096,-0.02151129
1.604814803,-1.380747926,2.454775474,1.297847825
-0.208411848,0.10002677,-0.182068915,0.559293538
-1.35762528,0.938644924,-0.245033801,-0.315498919
-0.32134638,0.305268647,0.869667279,-0.415884938
1.910156316,-1.651738785,2.934660829,0.186431179
0.103959025,0.509982678,-0.132374101,1.140098366
-0.754668743,1.182187804,-0.245033801,2.014890823
-0.39338281,0.791054103,0.536917429,0.279646769
1.615736456,-1.325298374,3.235773177,0.810258587
0.241873932,-0.207102211,-0.1564422,1.269166105
-0.708309815,1.057551835,-0.245033801,3.807498316
-0.497719446,0.884392681,0.48666743,2.344730601
0.26063826,-0.056228447,1.662118895,3.456147247
-0.494466188,0.504266495,-0.199305481,0.652509128
-0.927381893,1.255983215,-0.245033801,1.297847825
-0.523977886,0.889387904,0.612770974,-0.02868172
0.755946809,-0.306221344,2.223807093,0.02868172
-0.336160324,-0.029437056,-0.186846355,-0.265305909
-0.998953572,1.111804079,-0.245033801,-0.358521499
-0.511720074,0.352813387,1.204735893,-0.344180639
1.470734094,-1.7448585,2.012407409,-0.243794619
0.030063591,-0.34789541,-0.193828492,-0.12189731
-1.184795942,1.149976339,-0.245033801,-0.380032789
-0.648473103,0.369936188,1.017911372,-0.150579029
1.532604092,-1.531801931,2.670414344,-0.10755645
0.065791336,-0.388385041,-0.199166462,-0.05019301
-0.513114328,-0.388629652,-0.245033801,0.229453759
-0.003398493,-0.641300401,0.897050445,-0.322669349
1.540272486,-1.978063327,2.31419881,-0.423055368
-0.358816943,-0.494198803,-0.176938582,-0.437396228
-0.848664666,0.573607402,-0.245033801,-0.444566658
-0.25616503,0.554501961,1.073807679,-0.200772039
1.164056422,-0.72803447,1.975022008,0.04302258
-0.319661657,0.800040355,-0.186797342,-0.236624189
-0.873993604,1.072498882,-0.245033801,-0.279646769
-0.272605602,0.477848459,0.754213833,0.193601609
1.270891095,-1.009492124,2.136188624,0.501930098
0.05167452,-0.257711032,-0.178396498,0.380032789
-0.936328353,1.12667388,-0.245033801,0.645338698
-0.224039106,0.113596268,1.005585026,1.964697813
0.933714128,-0.89451187,1.26106708,3.126307468
-0.070961693,-0.819184419,-0.183199781,0.530611818
-0.744444218,0.239918768,-0.245033801,0.10038602
-0.333023253,0.416502483,0.674457955,0.645338698
0.781333841,-1.219729224,1.330617542,0.838940307
-0.332093751,0.121719943,-0.193112009,0.11472688
-0.734161598,0.70484788,-0.245033801,0.12906774
-0.214685989,0.089585723,0.622349914,-0.279646769
1.098177945,-1.308278567,2.054604113,-0.279646769
-0.281900626,-0.658487574,-0.189758623,-0.387203219
-1.312602511,0.676189718,-0.245033801,-0.308328489
-0.301884926,-0.11816664,0.863706396,-0.394373649
1.06977003,-1.587869449,1.049086369,-0.444566658
0.141952433,-0.533606994,-0.143991985,-0.444566658
-0.588636391,0.094606695,-0.245033801,-0.444566658
-0.07479589,-0.49668354,1.007504556,-0.444566658
1.195136656,-1.286855754,1.578678124,-0.444566658
-0.21857828,-0.00310914,-0.201268678,-0.444566658
-1.681208275,0.816789802,-0.245033801,-0.444566658
-0.296424099,-0.103773187,1.083733274,-0.444566658
1.767593897,-2.046284172,2.265535944,-0.444566658
0.000319516,-0.919758346,-0.185680734,-0.444566658
-1.73959264,0.66730646,-0.245033801,-0.444566658
-0.407906284,0.06609015,1.061519652,-0.358521499
1.821505032,-2.056956956,2.727008419,-0.207942469
0.33058331,-0.674091209,-0.207624339,-0.11472688
-0.926510485,0.660508837,-0.245033801,-0.10755645
-0.204170994,0.322661808,0.918528871,0.12189731
1.347807412,-1.382962304,1.708542309,0.10755645
-0.947308099,-0.107197747,-0.174348909,-0.243794619
-1.350595919,0.43190013,-0.245033801,-0.401544079
-0.174485014,-0.521827022,1.557762011,-0.444566658
2.012575852,-2.853682182,3.145649694,-0.444566658
-0.142591465,-0.851679118,-0.101539522,-0.444566658
-2.35155373,0.547717212,-0.245033801,-0.444566658
-0.821651004,-0.649771682,1.673874906,-0.301158059
2.263076728,-2.650165459,2.968405003,-0.215112899
0.476050423,-1.095878587,-0.147755299,-0.12906774
-0.993144182,0.411095283,-0.245033801,-0.365691929
0.051267862,-0.208338143,0.641018553,0.623827408
1.88203887,-2.008202032,2.383260033,1.713732764
0.074621608,-0.700084394,-0.158367077,0.344180639
-0.585441227,0.511218609,-0.245033801,1.240484385
-0.217009745,0.241605299,0.536945055,-0.308328489
1.572340316,-1.502731792,1.39086532,0.05019301
0.462224076,-0.404774008,-0.174453173,0.05736344
-0.417375589,0.627460543,-0.245033801,-0.344180639
-0.24750904,0.165724254,0.963585266,-0.372862359
1.959187563,-2.313000767,2.553298909,-0.315498919
-0.501669831,-0.50488446,-0.193574515,-0.308328489
-1.041420209,0.509132975,-0.245033801,-0.308328489
-0.022511384,-0.012558867,0.773834217,0.351351069
1.385858913,-1.591615866,1.140668659,0.501930098
-0.447991072,-0.43424325,-0.182658855,-0.193601609
-0.508641098,-0.253475392,-0.245033801,-0.337010209
0.184186694,-0.520642587,1.344091685,0.00717043
1.734480377,-2.054407847,1.788662666,0.286817199
0.063525674,-0.238386728,-0.193140526,1.520131154
-0.611351104,0.130075355,-0.245033801,1.376722555
-0.249251857,0.077252157,0.917133335,1.462767715
1.936182381,-2.671498152,2.744156762,1.950356953
0.511603887,-1.323508848,-0.086153868,1.656369324
-0.496906131,0.935915576,-0.245033801,4.201871964
0.081302406,0.543455823,1.183899093,1.520131154
1.388008387,-0.644261487,2.238782819,1.369552125
-0.061085731,0.241927157,-0.191453585,-0.0717043
-0.777499644,1.010084341,-0.245033801,-0.215112899
-0.665029863,0.765601638,1.033960039,-0.394373649
1.617014521,-1.583466443,3.319622984,-0.444566658
0.076132049,-0.323202528,-0.183570498,-0.444566658
-0.746767974,0.31738335,-0.245033801,-0.444566658
-0.136143043,-0.297917429,0.524437806,-0.10755645
1.290584925,-1.41334562,2.29928992,1.455597285
-0.235367416,0.544382772,-0.182236451,0.587975258
-0.902459612,1.053766795,-0.245033801,0.831769877
-0.673802042,0.827732945,0.558055437,-0.423055368
0.864059548,-1.228110384,1.198508558,-0.415884938
-0.759664818,-0.653350733,-0.186994285,-0.444566658
-2.407381963,0.451675034,-0.245033801,-0.444566658
-0.672465882,-1.112473542,1.768383724,-0.430225798
2.400526883,-3.283902217,4.178765371,0.293987629
0.474656169,-1.586955375,-0.192366119,1.577494594
-0.362070201,-0.18520305,-0.245033801,-0.06453387
-0.386237261,0.41060606,0.313730544,-0.337010209
1.224532166,-1.775576548,1.819071276,-0.365691929
-0.190577023,-0.905931362,-0.193249246,-0.423055368
-1.162255511,0.603102393,-0.245033801,-0.408714508
0.142591465,-0.474810127,0.747280709,-0.444566658
1.725940574,-1.766525924,2.588089289,-0.444566658
0.10477234,-0.416978831,-0.194228617,-0.444566658
-0.965898146,0.864115679,-0.245033801,-0.444566658
-0.783889973,0.278953605,0.637560012,-0.365691929
1.314868173,-2.070449208,1.527463903,-0.272476339
-0.652946333,0.328236374,-0.224174722,-0.415884938
-1.721351157,1.064452453,-0.245033801,-0.444566658
-0.440729335,-0.447555262,1.725856404,-0.444566658
1.644783403,-2.627094738,1.644655977,-0.293987629
-0.605599809,-0.727171893,-0.154873781,-0.229453759
-1.434193034,0.666778614,-0.245033801,-0.423055368
-0.485635916,0.536980057,0.502872939,-0.344180639
1.741161175,-1.985865145,2.631435572,-0.08604516
-0.06033051,-0.45932236,-0.187234895,-0.215112899
-1.045022031,1.121936143,-0.245033801,-0.351351069
-0.353995149,0.319726471,0.954865392,-0.279646769
1.648849976,-1.901023596,2.331839066,0.924985467
-0.132831691,0.017592713,-0.186750111,0.344180639
-1.270484437,1.172789575,-0.245033801,0.136238169
-0.386643918,0.716795218,0.503051168,-0.243794619
1.022946351,-1.349399038,1.764492084,-0.286817199
-0.691288304,-0.179087764,-0.187406886,-0.430225798
-1.261537978,0.52689949,-0.245033801,-0.444566658
-0.120980536,-0.263684701,1.572302858,-0.444566658
1.715832237,-2.337745146,1.660486313,-0.430225798
-0.052487834,-0.830822774,-0.187569075,-0.415884938
-2.311643224,0.435183073,-0.245033801,-0.430225798
-0.67571914,-0.483384402,1.423201482,-0.301158059
1.920148465,-2.379393463,2.470239549,0.193601609
0.023092323,-0.887173527,-0.180636842,0.193601609
-0.57161488,0.654754031,-0.245033801,2.022061252
-0.028727431,0.312375253,0.738763125,0.717042997
1.100966452,-0.782647194,1.638867977,0.12906774
-0.208644224,0.323575882,-0.190566894,-0.10755645
-0.478025615,0.020540924,-0.245033801,-0.293987629
-0.052197365,-0.269104776,0.804650973,-0.308328489
0.988438577,-1.005295106,1.730488587,-0.12906774
-0.502308863,0.030415502,-0.150497358,-0.250965049
-1.005285807,1.198808508,-0.245033801,-0.394373649
-0.410578603,0.526101285,0.858435262,-0.365691929
1.588258043,-1.680667307,2.807015601,-0.351351069
-0.160774854,-0.717850909,-0.189693569,-0.387203219
-1.817089896,1.071018339,-0.245033801,-0.401544079
-1.06082357,0.16481018,0.841471387,-0.380032789
0.840415332,-1.072666248,1.562363895,-0.344180639
-0.170708911,-0.119363948,-0.201912978,-0.358521499
-0.730327401,0.889593893,-0.245033801,-0.315498919
-0.16995369,0.365417314,0.723201025,0.752895147
1.18357597,-0.972079447,2.197948679,1.118587076
-0.110407448,0.130487332,-0.183665851,0.329839779
-0.669444999,1.105701667,-0.245033801,0.337010209
-0.016818183,0.260710741,1.331946242,-0.423055368
1.246724034,-1.457839154,2.237888998,-0.444566658
-0.760652415,-0.055893715,-0.194429125,-0.444566658
-1.79791891,0.6598265,-0.245033801,-0.444566658
-0.20544906,-0.226671127,1.193730227,-0.444566658
1.701657326,-2.381376104,2.340265753,-0.415884938
0.195340722,-0.716305995,-0.188996692,-0.444566658
-1.304817929,0.596459261,-0.245033801,-0.444566658
-0.102274302,0.094619569,1.091911331,-0.372862359
1.623172474,-2.171641101,1.857890532,-0.358521499
-0.356260811,-0.664731603,-0.192681585,-0.394373649
-2.541695048,0.084912357,-0.245033801,-0.430225798
-0.916402147,-0.692874793,0.884416654,-0.286817199
1.528886082,-1.719740767,1.837589312,-0.10755645
0.160193916,-0.984953733,-0.207413137,-0.06453387
-1.009642849,0.342372341,-0.245033801,-0.286817199
-0.081534782,0.243716682,0.952854073,0.301158059
1.808666281,-1.78627508,1.980455332,0.337010209
0.395880848,-1.01930233,-0.192690497,0.05736344
-0.999418323,0.552042972,-0.245033801,-0.157749459
-0.354808464,0.303685109,0.574619187,-0.207942469
1.342172304,-1.730387802,1.651544544,0.781576867
-0.206610938,-0.804404738,-0.217397549,0.143408599
-0.860051069,0.177066501,-0.245033801,-0.437396228
0.550701078,-1.234354413,1.200758704,-0.401544079
1.741103081,-2.431212467,2.543366184,-0.157749459
-0.348418135,-1.344339444,-0.199868686,-0.179260749
-1.018473121,-0.779480119,-0.245033801,-0.444566658
-0.129578433,-0.690956525,0.996921294,-0.394373649
1.166670647,-1.716509321,2.189427531,0.193601609
-0.093269748,-0.883826212,-0.200270594,0.896303747
-2.055449147,0.257118815,-0.245033801,-0.315498919
-0.815725427,-0.949459325,1.938174861,-0.394373649
2.172798815,-3.135397321,2.824352866,-0.329839779
0.203938619,-1.617956657,-0.178067665,-0.401544079
-1.572630785,0.157394591,-0.245033801,-0.444566658
-0.145612348,-1.204228583,1.737271107,-0.437396228
2.060445222,-3.411151666,3.422034493,0.767236007
-0.397217007,-1.842870444,-0.182575978,0.222283329
-2.858190589,-0.92094278,-0.245033801,-0.444566658
-0.746303223,-2.199011834,2.006435833,-0.444566658
2.235714503,-3.55265295,4.03398784,-0.444566658
-0.092165964,-1.770516953,-0.190223802,-0.444566658
-2.57318194,-0.716717972,-0.245033801,-0.444566658
-0.887936139,-2.205255863,1.941980058,-0.444566658
2.444910619,-3.837020192,4.419334079,-0.444566658
-0.413889955,-1.543878012,-0.19679512,-0.444566658
-2.904839986,-0.115488788,-0.245033801,-0.444566658
-1.22935396,-2.092438489,1.913721786,-0.444566658
2.547039687,-4.12137456,4.451417155,-0.444566658
-0.839137267,-1.924686535,-0.205058727,-0.444566658
-3.097421248,-0.271859873,-0.245033801,-0.444566658
-0.920817283,-1.740790225,2.001371444,-0.415884938
2.531586711,-3.287803126,3.990609476,-0.06453387
0.388735299,-0.967908178,-0.209721208,-0.09321559
-1.380572368,0.542528874,-0.245033801,0.06453387
-0.125395672,-0.372807154,1.400045917,-0.430225798
2.119933371,-2.091369924,2.336850877,-0.394373649
0.089319364,-0.566990019,-0.202651739,-0.423055368
-1.189908205,0.084397386,-0.245033801,-0.444566658
0.405059683,-0.798894543,1.188441269,-0.344180639
2.507593932,-2.590570386,1.878231855,0.344180639
0.62395748,-1.182059061,-0.19228859,0.480418808
-0.352775178,0.895490316,-0.245033801,-0.200772039
0.214337426,0.295535686,0.959305086,0.08604516
1.602839611,-1.593469764,1.2483415,0.602316118
0.565456927,-0.531456988,-0.190541941,-0.172090319
-0.38890958,0.816313453,-0.245033801,-0.164919889
0.118133936,0.012365752,1.276638983,0.695531707
1.563277668,-1.283714428,1.799639815,1.849970933
0.159206319,0.398581476,-0.144982049,0.874792457
-0.543090778,1.069331808,-0.245033801,0.186431179
0.065558961,0.320692042,0.943281371,-0.157749459
1.872801941,-1.777147211,1.675893354,0.451737088
0.486797793,-0.303556367,-0.182649943,-0.179260749
-0.518052309,0.952098554,-0.245033801,-0.380032789
0.280390184,0.176345541,1.090456088,-0.301158059
1.775552761,-1.56609903,1.186278456,0.05736344
0.163040516,0.166393717,-0.201331059,-0.401544079
-0.376128923,0.437551941,-0.245033801,-0.444566658
0.180236309,0.046546983,0.940354845,-0.322669349
1.86577258,-2.133031115,1.863950332,0.717042997
0.426728706,-0.633678824,-0.19703573,0.630997838
-0.412263326,0.189593182,-0.245033801,-0.236624189
0.075957768,-0.249870591,0.863630649,0.215112899
1.164811642,-1.631732143,0.949347409,1.290677395
-0.544949782,-0.503970386,-0.226476555,-0.06453387
-1.219477998,-0.246793637,-0.245033801,-0.329839779
-0.478316085,-0.689450233,1.1741544,-0.215112899
1.752082827,-2.091292678,1.390087349,0.157749459
0.529787276,-1.278706331,-0.182602712,0.12189731
-0.504284056,0.054361675,-0.245033801,-0.437396228
-0.275277922,0.394667693,0.403039518,-0.444566658
1.360646162,-1.787111908,1.581600195,-0.437396228
0.365032989,-1.22575439,-0.200942519,-0.408714508
-0.299154512,0.33056662,-0.245033801,-0.444566658
0.042089027,-0.092392318,0.512218398,-0.437396228
1.66964759,-1.803732612,2.012302254,-0.437396228
0.081650969,-0.622516817,-0.189788031,-0.444566658
-1.555434992,0.594927221,-0.245033801,-0.444566658
0.042553778,-0.452035514,1.643670368,-0.200772039
1.987944041,-2.42701545,2.153656889,-0.157749459
-0.039184332,-0.605368267,-0.185116638,-0.258135479
-0.307055282,0.090474049,-0.245033801,-0.243794619
0.192377933,-0.516612935,0.882369689,0.738554287
1.616026925,-2.226408316,0.980762125,-0.380032789
-0.106050405,-0.626198863,-0.191139901,-0.229453759
-1.694163214,0.229902573,-0.245033801,-0.444566658
-0.376535581,-0.668555266,2.021494435,-0.444566658
2.911114127,-3.476900647,3.62678622,-0.279646769
0.352252333,-0.990425305,-0.182277444,0.638168268
-0.59578194,0.139396338,-0.245033801,0.380032789
-0.047027008,-0.527053982,1.020814729,-0.265305909
2.012517759,-2.25267186,1.832435808,0.781576867
0.266099086,-0.361812513,-0.214266949,2.122447272
-0.353356117,0.570028351,-0.245033801,-0.222283329
0.667353619,-0.539863897,1.821862349,-0.351351069
2.453101859,-2.390066247,2.738227069,0.229453759
0.211200355,-0.76269205,-0.185507852,0.760065577
-0.416387993,0.035281982,-0.245033801,0.645338698
0.36340636,-0.6228258,1.319339185,0.05736344
2.785166562,-2.62127556,2.529393889,1.132927936
0.709820256,-0.384471258,-0.181913856,0.781576867
-0.072588322,0.184597958,-0.245033801,-0.315498919
0.389083862,-0.22229387,0.48223932,1.161609656
1.373484913,-1.444900496,1.077326818,2.911194569
0.508118253,-1.118781943,-0.193421238,0.380032789
-0.117320621,0.14594935,-0.245033801,-0.07887473
0.308333348,-0.116995079,1.022520384,1.118587076
1.319457591,-1.471305658,1.110165587,0.824599447
0.094024969,0.113544771,-0.217301305,0.12189731
-0.376767956,-0.473200841,-0.245033801,-0.09321559
0.285909104,-0.957891983,0.562319576,2.67457038
1.575477386,-2.019467033,1.529101831,1.591835454
0.182443877,-0.823149699,-0.18968644,0.179260749
-0.497428976,0.33687502,-0.245033801,-0.272476339
-0.022220915,0.426518678,0.548490756,-0.09321559
1.495133529,-1.885291218,1.97327536,1.405404275
-0.382984003,-0.809824813,-0.201662565,0.401544079
-0.935108381,0.399147945,-0.245033801,-0.437396228
-0.291544212,0.006005855,0.248952174,-0.437396228
1.1880492,-1.530900731,1.373265166,-0.444566658
-0.893396965,-0.762421689,-0.192147788,-0.444566658
-2.604610737,-0.264894884,-0.245033801,-0.444566658
-0.542567933,-1.257335015,1.788716134,-0.437396228
2.201148636,-2.627661206,1.865557962,-0.157749459
-0.242571059,-0.948274891,-0.187898799,-0.286817199
-1.666917177,0.384754492,-0.245033801,-0.444566658
0.024196107,-0.488276631,1.467289199,-0.193601609
2.413481822,-2.39596267,1.775935304,1.204632236
0.775756827,-0.401001842,-0.183601688,0.874792457
-0.259824946,1.215377715,-0.245033801,-0.408714508
0.086705138,0.744050083,0.500506943,-0.286817199
1.800939793,-1.380606309,2.188332311,0.08604516
0.346384849,-0.153236196,-0.198802875,-0.265305909
-0.189008487,0.966170149,-0.245033801,-0.444566658
0.309495226,0.212161806,1.033547438,-0.423055368
2.179305331,-1.698395199,2.512803405,-0.200772039
0.432712377,-0.328609728,-0.211761044,-0.387203219
-0.224271482,0.970109681,-0.245033801,-0.444566658
0.455310902,0.154935602,1.282513425,-0.358521499
2.439914544,-2.093249569,2.715672138,0.286817199
0.763731391,-0.229117241,-0.215218694,0.960837616
-0.068637937,1.160005408,-0.245033801,0.02868172
0.173729793,0.752006392,0.315093999,0.494759668
1.581867715,-0.798933166,1.224541636,4.187531104
0.058297224,0.542374383,-0.181345304,3.033091879
-0.662880389,1.233659202,-0.245033801,-0.150579029
0.07136835,0.368262531,1.084407873,-0.301158059
1.48142337,-0.698346365,1.04050284,0.953667186
0.387341045,0.262706255,-0.220272389,2.301708021
-0.365381553,1.08516718,-0.245033801,1.168780086
0.140964836,0.458678646,1.536522413,0.09321559
1.498619163,-0.68490561,1.584061543,0.623827408
0.053417336,0.947579679,-0.221415731,0.674020417
-0.367647215,1.115318759,-0.245033801,0.02151129
0.049525046,0.612423376,0.942302001,-0.0717043
1.608242343,-0.762807918,2.322449941,0.01434086
0.016062962,0.877685177,-0.225888398,-0.337010209
-0.588810673,1.308510304,-0.245033801,-0.365691929
-0.17518214,0.861721062,0.474407029,0.724213427
1.362505167,-0.773403456,1.795932643,0.910644607
0.283643442,-0.182023101,-0.194255351,0.451737088
-0.555522871,1.072254271,-0.245033801,0.315498919
0.110233166,0.550575304,0.803361483,1.620517174
1.202340298,-0.636524041,1.859075758,0.989519336
-0.187033295,0.196236313,-0.225621945,0.0717043
-0.997617412,1.032949074,-0.245033801,-0.179260749
-0.359397882,0.260273015,1.172872931,-0.358521499
1.328113581,-1.156001505,1.07056925,-0.401544079
-0.169488939,0.157008362,-0.217034852,-0.437396228
-0.936793104,0.988159431,-0.245033801,-0.444566658
-0.063699956,0.566217562,0.50523537,-0.444566658
1.408166969,-1.259163164,0.946008281,-0.444566658
-0.133180254,0.06861351,-0.202436081,-0.444566658
-1.540504861,0.518531204,-0.245033801,-0.444566658
0.229325651,-0.338110952,1.549822782,-0.444566658
2.402327794,-2.295465989,2.639221524,-0.415884938
-0.154035963,-0.502747329,-0.181019144,-0.423055368
-1.493042149,0.419025843,-0.245033801,-0.444566658
-0.470589597,0.241798414,0.620681687,-0.444566658
1.403693739,-1.6713077,1.562462812,-0.444566658
0.315943648,-0.991210637,-0.195680295,-0.444566658
-0.665843178,0.372356554,-0.245033801,-0.444566658
0.342550652,-0.648419882,1.269107009,-0.10755645
1.750746668,-2.119628983,1.091726863,1.713732764
0.136898264,-0.475955938,-0.172980107,0.946496756
-0.404304462,0.509660821,-0.245033801,-0.286817199
0.380079308,-0.008258855,1.284451669,-0.157749459
2.313269853,-2.10298253,2.165209719,1.039712346
0.322333977,-0.469068195,-0.198028468,1.183120946
-0.356493187,0.925538901,-0.245033801,0.408714508
0.113254048,0.694587073,0.836862374,0.157749459
1.733260405,-1.319414825,1.778010785,-0.164919889
0.194817877,-0.478427801,-0.215920918,-0.243794619
-0.869520374,0.380647595,-0.245033801,-0.401544079
-0.153164554,0.019021758,1.27498947,-0.358521499
2.227174701,-2.250985329,2.1871658,-0.09321559
0.459784132,-0.306272841,-0.192003423,0.150579029
-0.455368996,0.820355979,-0.245033801,-0.250965049
0.044935628,0.185306044,0.695679731,-0.372862359
1.758008404,-2.014497558,1.802268699,-0.12189731
-0.217184027,-0.56101635,-0.213386496,0.358521499
-1.80163692,0.505772786,-0.245033801,0.07887473
-0.285676729,-0.720258401,1.931751473,-0.351351069
1.962615103,-2.270103644,1.800530962,0.430225798
0.212594609,-1.079154888,-0.195731091,0.229453759
-0.76088479,0.35546549,-0.245033801,-0.365691929
0.182385783,-0.14486791,1.268233684,-0.08604516
2.050336884,-1.982492082,1.932369038,0.939326327
0.305951498,-0.132457098,-0.216114297,0.207942469
-0.656257685,0.800169098,-0.245033801,-0.372862359
0.156069249,-0.303594989,1.776563562,-0.387203219
2.443400178,-2.124431092,2.464444419,1.333699975
-0.058936257,0.246046928,-0.225138052,2.258685442
-0.469602,0.565985825,-0.245033801,0.03585215
0.23960827,-0.535782748,1.424150553,-0.415884938
2.455774178,-2.165989289,3.018941952,0.02151129
0.023905638,0.73091831,-0.224332455,0.473248378
-0.218345904,0.541035457,-0.245033801,0.207942469
0.472622883,-0.258406243,1.178474681,-0.344180639
2.069682151,-2.103690616,3.404494046,-0.394373649
0.215905961,-0.954918023,-0.216765725,-0.387203219
-1.810931943,0.440139673,-0.245033801,-0.423055368
-0.072239758,-1.133162521,1.597718371,-0.150579029
2.697038124,-2.938111753,3.236137656,1.068394066
-0.055160153,-1.476069144,-0.156581219,0.666849988
-2.18987842,0.047847286,-0.245033801,-0.207942469
-0.44438925,-1.461302337,1.579620066,-0.401544079
3.146568683,-3.712821949,3.934388791,-0.00717043
0.381415468,-2.982437922,-0.193049629,0.867622027
-1.566937584,-1.58279698,-0.245033801,2.65305909
-0.716907712,-2.29426868,0.496367565,-0.02868172
1.579485865,-2.987755002,1.606495278,-0.401544079
0.000203329,-1.988478625,-0.20260629,-0.437396228
-1.022888257,-0.76584625,-0.245033801,-0.444566658
0.157637784,-2.06066475,1.486706402,-0.236624189
2.301476792,-2.814673093,2.271943291,2.545502641
0.055566811,-0.482676316,-0.226599533,3.405954237
-0.802073362,0.756139038,-0.245033801,1.054053206
-0.022337103,0.205454303,1.356844891,0.02868172
1.819123182,-1.271084753,1.971065316,3.821839176
0.208121379,0.639832733,-0.193328558,7.672360072
-0.432712377,1.209931892,-0.245033801,7.414224592
-0.633542972,0.991545368,0.165464173,2.022061252
0.12342048,0.331905546,1.014889492,1.885823083
-0.243093904,1.036669743,-0.216098256,0.724213427
-0.970487563,0.992382197,-0.245033801,-0.03585215
0.07926912,-0.072849151,0.595374893,-0.351351069
1.558397781,-1.029022416,1.667839167,0.143408599
-0.105062809,0.480204453,-0.215550201,0.674020417
-0.455136621,1.309269887,-0.245033801,0.11472688
0.081825251,0.458936132,0.642210908,1.183120946
1.004182023,-0.298136292,1.106107303,2.115276842
-0.068463655,0.537546525,-0.1990016,0.831769877
-0.369273844,0.530040816,-0.245033801,-0.380032789
0.044935628,0.60306377,0.433393769,-0.179260749
0.882359125,-0.966878235,0.73581432,0.408714508
-0.55953135,0.103592947,-0.19896239,0.293987629
-1.008655252,0.643991127,-0.245033801,-0.430225798
-0.241815838,0.110055839,1.037696618,-0.415884938
1.482294779,-1.088282758,1.892425154,-0.11472688
0.301768738,-0.192966245,-0.18399112,-0.315498919
-0.698956698,0.435569301,-0.245033801,-0.408714508
-0.201440581,0.624692571,0.2559958,-0.315498919
1.357450998,-0.987631585,1.591181808,0.10755645
0.011647826,0.080998574,-0.207944261,0.200772039
-0.505910685,0.765717507,-0.245033801,0.301158059
0.13550401,0.308358475,0.704213355,-0.337010209
1.936705226,-1.289134503,1.99857948,-0.444566658
0.268132373,0.121810063,-0.205991758,-0.444566658
-0.926859048,1.015221181,-0.245033801,-0.444566658
0.047259384,0.154793985,0.640676353,-0.408714508
1.901326044,-1.234161299,1.590334327,-0.329839779
0.567954965,0.073235379,-0.210641763,-0.394373649
-0.35608653,1.12883676,-0.245033801,-0.365691929
0.313271329,0.392504813,0.736699229,-0.315498919
1.933103404,-1.403780025,1.668791804,-0.08604516
0.439741738,0.422926752,-0.184989204,-0.315498919
-0.507363032,1.186204581,-0.245033801,-0.329839779
-0.074098763,0.30855159,0.758772941,0.05019301
2.204518082,-1.847762673,1.561434428,2.502480061
0.486042573,-0.281039239,-0.192927542,1.742414484
-0.278589274,0.78416636,-0.245033801,-0.243794619
-0.23827211,0.91166042,0.185540824,-0.10038602
0.747639382,0.073093762,1.335576775,0.846110737
-0.019374314,0.885319629,-0.182755099,1.290677395
-0.502076488,1.043441617,-0.245033801,0.136238169
0.475120921,0.061249418,1.158716169,-0.394373649
2.456355117,-1.587174238,2.485119922,-0.207942469
0.332616596,0.091452495,-0.23738865,-0.337010209
-1.177534205,0.818823939,-0.245033801,-0.401544079
-0.298747855,-0.193918942,1.263393865,-0.430225798
3.161382627,-2.444872085,3.509083519,-0.308328489
0.968163808,-0.679343918,-0.187419362,-0.215112899
-0.692798745,0.061378161,-0.245033801,-0.215112899
0.176924957,-0.539748028,0.940967063,-0.344180639
2.892698362,-2.610358165,2.441123992,-0.02151129
0.545124064,-0.516097964,-0.196457375,0.05019301
-1.02114544,0.267997587,-0.245033801,-0.179260749
0.054695402,-0.89325019,1.175216647,-0.322669349
2.0016542,-1.938565016,1.221621347,0.03585215
0.322101601,-0.056885035,-0.23904351,0
-0.285153884,1.113825342,-0.245033801,-0.279646769
0.214802177,0.618821897,0.723450546,-0.215112899
1.767593897,-1.159915288,1.628021826,0.09321559
0.435907541,0.16634222,-0.188733804,0.258135479
-0.064455177,0.95641144,-0.245033801,0.487589238
0.085252791,0.904965791,0.37769797,0.301158059
1.783802094,-1.019804427,2.309417807,2.323219311
0.437185607,0.762177078,-0.197622996,2.093765552
-0.328375742,1.108431016,-0.245033801,0.451737088
0.23199797,0.110815422,0.682471149,-0.258135479
0.899787293,-0.270855679,0.644730181,0.351351069
-0.075725392,1.096496552,-0.210797714,0.200772039
-0.283527255,1.236555916,-0.245033801,-0.329839779
0.267319058,0.500352712,0.752998308,-0.358521499
1.461380976,-0.900794522,0.678047495,0.143408599
0.298573574,0.132894823,-0.198932982,-0.157749459
-0.334591788,0.838173992,-0.245033801,-0.394373649
0.181921032,0.104790256,0.741486471,-0.05736344
1.946813563,-1.478952984,2.288018693,1.154439226
0.315536991,0.200459079,-0.182629447,2.079424692
-0.815609239,0.666868734,-0.245033801,0.172090319
0.28927855,-0.305732121,0.982146076,-0.11472688
3.160046467,-2.56271043,3.6992641,0.02151129
1.00668006,-0.335960946,-0.197534772,0.0717043
-0.545937379,0.93205329,-0.245033801,-0.408714508
0.348476229,-0.073492865,1.603462705,-0.380032789
2.190401265,-1.209919017,2.616746796,1.434085995
0.392453308,0.949343457,-0.1435375,1.842800503
0.017399122,1.122116383,-0.245033801,0.136238169
0.561564636,0.629211446,0.861356442,-0.315498919
2.088562667,-0.918985889,1.502207905,1.986209103
0.555813341,0.156686505,-0.214782032,2.151128992
-0.141197212,0.847263238,-0.245033801,0.04302258
0.624422231,-0.230752276,0.797969153,-0.293987629
1.651115638,-0.960634206,0.776358837,0.229453759
0.774072104,-0.291969509,-0.192443649,0.243794619
0.111104574,0.396367099,-0.245033801,-0.179260749
0.750660265,0.047705669,0.647478478,1.900163943
1.815579454,-1.10925497,1.727356205,4.696631633
0.407092969,0.085105472,-0.204884062,4.653609053
-0.356783656,1.150929036,-0.245033801,2.64588866
0.154268338,0.263246975,0.659007247,1.197461806
1.302668455,-0.894743607,1.406449699,0.07887473
-0.748859354,0.086907872,-0.204031234,-0.322669349
-2.735438188,-0.123432223,-0.245033801,-0.380032789
-0.582827002,-1.378791035,1.335807582,-0.437396228
2.862780006,-3.20002624,3.300175482,-0.423055368
-0.142881935,-0.875857029,-0.197817266,-0.394373649
-2.06950787,0.229130116,-0.245033801,-0.423055368
-0.378394585,-0.918393672,1.400555653,-0.430225798
2.440844047,-2.639466927,2.640027121,-0.329839779
0.399308387,-0.830050317,-0.19863623,-0.01434086
-0.714235392,0.533259388,-0.245033801,-0.286817199
-0.078804369,0.221109435,0.410479705,-0.408714508
1.852236702,-1.610708433,1.82267953,-0.301158059
0.174717389,-0.467716395,-0.214040598,-0.229453759
-1.641936802,0.883053755,-0.245033801,-0.286817199
0.086298481,-0.495949705,1.333083346,-0.444566658
2.855111612,-2.596222198,2.529663016,-0.351351069
0.876782111,-0.812451167,-0.184897416,-0.344180639
-0.925058138,0.382102389,-0.245033801,-0.12189731
-0.299503076,-0.211247732,0.643157306,-0.243794619
2.523627847,-2.181515678,2.813846243,0.874792457
0.588113546,-0.487002076,-0.187242024,1.011030626
-0.562552233,0.800387961,-0.245033801,-0.286817199
0.27481317,0.202003994,0.553826053,0.186431179
1.542886711,-0.873346543,1.26245014,1.742414484
0.632206813,0.281155108,-0.164614909,1.211802666
-0.049873609,0.605908987,-0.245033801,0.666849988
0.220263003,0.43847889,0.464247061,-0.207942469
1.820865999,-1.744884248,1.267862967,0.516270958
0.164318582,-0.302140195,-0.18660931,-0.0717043
-0.476921831,0.815116145,-0.245033801,-0.157749459
0.347488633,-0.22301483,0.555368629,-0.387203219
1.715948424,-1.779979554,1.268845902,-0.215112899
0.390187646,-0.621679988,-0.213415904,0.473248378
-0.805965653,-0.013009467,-0.245033801,-0.243794619
-0.27481317,-0.584305934,1.234325539,-0.423055368
1.706304838,-2.415660329,2.187714746,-0.265305909
-0.025822736,-1.381443138,-0.18942979,-0.279646769
-1.533707876,0.158566151,-0.245033801,-0.344180639
-0.13759539,-0.643901007,1.07550264,-0.423055368
1.990848736,-2.175850992,2.324520075,-0.337010209
-0.330234746,-1.797617326,-0.217587363,-0.344180639
-2.40569724,-0.779879222,-0.245033801,-0.444566658
-0.396403693,-1.391214721,1.294392415,-0.344180639
2.774651567,-2.659319077,2.66291445,3.133477898
0.539256581,-1.091527078,-0.195035105,2.258685442
-0.367414839,0.79489064,-0.245033801,0.215112899
0.128416555,0.355208004,1.009957884,0.301158059
2.301360605,-1.741897414,2.356544336,3.276886498
0.631044935,-0.182010227,-0.216938608,4.201871964
-0.523222666,0.940679062,-0.245033801,1.842800503
-0.642954183,0.729437767,0.104310989,1.340870405
0.727016049,-0.365867914,1.324776964,3.355761228
-0.422952603,0.485070933,-0.203263957,1.247654815
-0.888575171,0.91544546,-0.245033801,-0.186431179
-0.205623341,0.320486053,0.202464598,-0.344180639
1.657447872,-1.438463353,1.669377287,0.10038602
0.17860968,-0.233996596,-0.205940071,0.07887473
-1.400556668,0.677696009,-0.245033801,-0.351351069
-0.009963103,0.178160815,1.067411916,-0.308328489
1.574605978,-1.294721943,1.313933487,0.02868172
-0.258314504,0.130371463,-0.206453372,0.423055368
-0.991982305,0.765974993,-0.245033801,0.172090319
0.253550805,0.225731304,0.788555075,2.065083832
2.107907934,-1.341107998,2.041342954,3.599555847
0.319429282,0.35285201,-0.214223283,0.451737088
-0.583640316,0.678056489,-0.245033801,-0.11472688
0.248961387,0.372279308,0.93944231,-0.358521499
2.073342067,-1.646022602,3.081868518,-0.293987629
0.191506525,-0.255161923,-0.191077521,-0.430225798
-0.96775715,0.867797725,-0.245033801,-0.408714508
0.013390643,0.376926926,0.511084859,0.03585215
1.050018106,-1.144324527,1.07589118,-0.06453387
-0.461062198,-0.136023275,-0.206947067,-0.293987629
-0.882823876,0.32768278,-0.245033801,-0.351351069
-0.326168174,0.357975976,0.3564655,-0.437396228
0.967582869,-0.991596865,0.689423878,-0.444566658
0.196154037,-0.105717204,-0.196161515,-0.444566658
-0.43096956,0.764803433,-0.245033801,-0.444566658
-0.044180407,0.324296842,0.331766469,-0.423055368
1.658144999,-1.545281309,0.753647063,-0.236624189
0.78296047,-0.735643173,-0.160616333,0
-0.27405795,0.805717915,-0.245033801,-0.380032789
-0.200917736,0.149605647,0.938733848,0.172090319
1.651580389,-1.244731088,1.137353592,1.591835454
0.495047127,-0.271267656,-0.18884698,0.509100528
-0.283236785,0.532358188,-0.245033801,-0.12906774
0.173148854,0.198334822,0.764331025,0.05736344
1.267754024,-1.107104965,0.74258882,0.552123108
-0.320649254,0.290965314,-0.21847851,-0.05736344
-0.52746352,0.435118701,-0.245033801,-0.351351069
0.162750047,-0.154793985,0.96076033,-0.258135479
2.225083321,-1.931497033,3.045152369,-0.11472688
0.413541392,-0.500507203,-0.212211964,-0.01434086
-0.316176024,0.442405548,-0.245033801,0.09321559
0.319313094,-0.103013604,0.835375941,0.889133317
1.973478661,-1.466542172,1.691530311,0.602316118
0.405524434,0.000328294,-0.1954584,-0.08604516
-0.3592236,0.896417264,-0.245033801,-0.365691929
0.355854154,0.164681437,0.841060568,-0.401544079
2.073458254,-1.741408191,1.210763612,-0.322669349
0.349812389,-0.451018445,-0.185336752,-0.243794619
-0.096929664,0.521260553,-0.245033801,-0.365691929
0.236006449,0.21523876,0.476721338,-0.315498919
2.215904485,-1.890157698,2.025308545,0.265305909
0.720393345,-0.423518969,-0.174192067,-0.222283329
-0.412263326,0.708079326,-0.245033801,-0.401544079
0.499752732,-0.126663669,0.944633241,-0.358521499
2.237399226,-2.20747024,2.389817093,-0.00717043
0.587590701,-0.33236902,-0.196596394,-0.250965049
0.185639042,-0.126715166,-0.245033801,-0.301158059
0.608097846,-0.659620511,0.396721286,-0.344180639
2.025763167,-2.149033853,1.516451999,-0.243794619
1.018589309,-0.910141254,-0.17483191,0
0.309146662,0.428990541,-0.245033801,-0.265305909
0.736950105,-0.655706728,0.469170649,0.05019301
2.48743535,-2.170096186,1.927009679,1.140098366
0.857843501,-1.174154249,-0.169851289,-0.222283329
